domain,link_count
jade.io,2736
www.queenslandjudgments.com.au,587
anzlaw.thomsonreuters.com,561
www.legislation.qld.gov.au,523
archive.sclqld.org.au,269
www.hcourt.gov.au,90
link,75
www.iclr.co.uk,30
plus.lexis.com,29
www.austlii.edu.au,27
advance-lexis-com.ezproxy-az.sclqld.org.au,25
jccd.org.au,11
0-www.westlaw.com.au.catalogue.sclqld.org.au,11
eresources.hcourt.gov.au,9
www.courts.qld.gov.au,8
www.judcom.nsw.gov.au,8
www.caselaw.nsw.gov.au,5
www6.austlii.edu.au,5
a.next.westlaw.com,4
1.next.westlaw.com,4
www.legislation.gov.au,4
www.bailii.org,3
twitter.com,3
www.supremecourt.wa.gov.au,3
www.nzlii.org,3
0-www.lexisnexis.com.catalogue.sclqld.org.au,3
www.westlaw.com,3
victorianreports.com.au,3
uk.westlaw.com,3
aus01.safelinks.protection.outlook.com,2
aija.org.au,2
jvl.sclqld.org.au,2
www7.austlii.edu.au,2
www.oed.com,2
supremecourt.nt.gov.au,2
www8.austlii.edu.au,2
decisions.scc-csc.ca,2
www.ag.gov.au,2
,1
intranet.justice.govnet.qld.gov.au,1
media.sclqld.org.au,1
www.judicialcollege.vic.edu.au,1
www.canlii.org,1
uk.practicallaw.thomsonreuters.com,1
search.informit.org,1
advance.lexis.com,1
www.sclqld.org.au,1
ecourts.justice.wa.gov.au,1
iclr-co-uk.ezproxy-az.sclqld.org.au,1
www-iclr-co-uk.ezproxy-az.sclqld.org.au,1
djag.service-now.com,1
