page_no,link_text,link_destination,link_domain,is_jade_link,is_sublink
2,[2000]HCA3,https://anzlaw.thomsonreuters.com/Document/Idb17678087b311e8aca5bab3c9b3f468/View/FullText.html?transitionType=Default&contextData=(sc.Default)&VR=3.0&RS=cblt1.0,thomsonreuters,FALSE,FALSE
3,[2002]HCA12,https://www.hcourt.gov.au/sites/default/files/eresources/2002/HCA/12.pdf,hcourt,FALSE,FALSE
3,[2000]HCA3,https://www.hcourt.gov.au/sites/default/files/eresources/2000/HCA/3.pdf,hcourt,FALSE,FALSE
9,[2013]QCA52,http://archive.sclqld.org.au/qjudgment/2013/QCA13-052.pdf,sclqld,FALSE,FALSE
13,[2014]QSC277,https://archive.sclqld.org.au/qjudgment/2014/QSC14-277.pdf,sclqld,FALSE,FALSE
17,[2014]QCA223,https://archive.sclqld.org.au/qjudgment/2014/QCA14-223.pdf,sclqld,FALSE,FALSE
17,[2001]QCA263,https://archive.sclqld.org.au/qjudgment/2001/QCA01-263.pdf,sclqld,FALSE,FALSE
18,[2016]QCA336,https://archive.sclqld.org.au/qjudgment/2016/QCA16-336.pdf,sclqld,FALSE,FALSE
18,[2007]QCA447,https://archive.sclqld.org.au/qjudgment/2007/QCA07-447.pdf,sclqld,FALSE,FALSE
19,[1993]QCA419,https://archive.sclqld.org.au/qjudgment/1993/QCA93-419.pdf,sclqld,FALSE,FALSE
19,[2007]QCA447,https://archive.sclqld.org.au/qjudgment/2007/QCA07-447.pdf,sclqld,FALSE,FALSE
20,[1992]QCA223,https://archive.sclqld.org.au/qjudgment/1992/QCA92-223.pdf,sclqld,FALSE,FALSE
20,[2007]QCA447,https://archive.sclqld.org.au/qjudgment/2007/QCA07-447.pdf,sclqld,FALSE,FALSE
20,[2016]QCA336,https://archive.sclqld.org.au/qjudgment/2016/QCA16-336.pdf,sclqld,FALSE,FALSE
21,[2019]QCA28,https://archive.sclqld.org.au/qjudgment/2019/QCA19-028.pdf,sclqld,FALSE,FALSE
22,[2007]QCA373,https://archive.sclqld.org.au/qjudgment/2007/QCA07-373.pdf,sclqld,FALSE,FALSE
22,[2015]HCA27,https://www.hcourt.gov.au/sites/default/files/eresources/2015/HCA/27.pdf,hcourt,FALSE,FALSE
22,[1999]HCA52,https://www.hcourt.gov.au/sites/default/files/eresources/2025-10-30/HCA/Wu%20v%20The%20Queen%20%28S22-1999%29%20%5B1999%5D%20HCA%2052.pdf,hcourt,FALSE,FALSE
23,[2013]QCA29,https://archive.sclqld.org.au/qjudgment/2013/QCA13-029.pdf,sclqld,FALSE,FALSE
27,[2014]QCA223,https://archive.sclqld.org.au/qjudgment/2014/QCA14-223.pdf,sclqld,FALSE,FALSE
28,[2010]QCA194,https://archive.sclqld.org.au/qjudgment/2010/QCA10-194.pdf,sclqld,FALSE,FALSE
28,[2015]HCA27,https://www.hcourt.gov.au/sites/default/files/eresources/2015/HCA/27.pdf,hcourt,FALSE,FALSE
28,[2016]QCA350,https://archive.sclqld.org.au/qjudgment/2016/QCA16-350.pdf,sclqld,FALSE,FALSE
39,[2017]QCA169,https://archive.sclqld.org.au/qjudgment/2017/QCA17-169.pdf,sclqld,FALSE,FALSE
39,[2017]QCA169,https://archive.sclqld.org.au/qjudgment/2017/QCA17-169.pdf,sclqld,FALSE,FALSE
39,[2018]QCA30,https://archive.sclqld.org.au/qjudgment/2018/QCA18-030.pdf,sclqld,FALSE,FALSE
39,[2007]HCA55,https://www.hcourt.gov.au/sites/default/files/eresources/2007/HCA/55.pdf,hcourt,FALSE,FALSE
40,[2018]QSC283,https://archive.sclqld.org.au/qjudgment/2018/QSC18-283.pdf,sclqld,FALSE,FALSE
40,[2017]QCA257,https://archive.sclqld.org.au/qjudgment/2017/QCA17-257.pdf,sclqld,FALSE,FALSE
44,[1981]HCA46,https://www.austlii.edu.au/cgi-bin/viewdoc/au/cases/cth/HCA/1981/46.html,austlii,FALSE,FALSE
44,[2004]QCA219,http://archive.sclqld.org.au/qjudgment/2004/QCA04-219.pdf,sclqld,FALSE,FALSE
53,[2002]QCA464,https://archive.sclqld.org.au/qjudgment/2002/QCA02-464.pdf,sclqld,FALSE,FALSE
57,[2012]QCA343,http://archive.sclqld.org.au/qjudgment/2012/QCA12-343.pdf,sclqld,FALSE,FALSE
58,[2012]QCA343,http://archive.sclqld.org.au/qjudgment/2012/QCA12-343.pdf,sclqld,FALSE,FALSE
58,[2015]QCA123,http://archive.sclqld.org.au/qjudgment/2015/QCA15-123.pdf,sclqld,FALSE,FALSE
61,[2013]QCA238,http://archive.sclqld.org.au/qjudgment/2013/QCA13-238.pdf,sclqld,FALSE,FALSE
70,[2006]QCA378,http://archive.sclqld.org.au/qjudgment/2006/QCA06-378.pdf,sclqld,FALSE,FALSE
70,[2006]QCA378,http://archive.sclqld.org.au/qjudgment/2006/QCA06-378.pdf,sclqld,FALSE,FALSE
70,[2006]QCA79,http://archive.sclqld.org.au/qjudgment/2006/QCA06-079.pdf,sclqld,FALSE,FALSE
70,[2006]QCA80,http://archive.sclqld.org.au/qjudgment/2006/QCA06-080.pdf,sclqld,FALSE,FALSE
70,[2013]QCA196,http://archive.sclqld.org.au/qjudgment/2013/QCA13-196.pdf,sclqld,FALSE,FALSE
71,[2012]QCA124,http://archive.sclqld.org.au/qjudgment/2012/QCA12-124.pdf,sclqld,FALSE,FALSE
71,[2024]QCA238,https://archive.sclqld.org.au/qjudgment/2024/QCA24-238.pdf,sclqld,FALSE,FALSE
71,[2024]QCA238,https://archive.sclqld.org.au/qjudgment/2024/QCA24-238.pdf,sclqld,FALSE,FALSE
71,[2023]QCA89,https://archive.sclqld.org.au/qjudgment/2023/QCA23-089.pdf,sclqld,FALSE,FALSE
71,[2018]QCA30,https://archive.sclqld.org.au/qjudgment/2018/QCA18-030.pdf,sclqld,FALSE,FALSE
75,[2024]QCA238,https://archive.sclqld.org.au/qjudgment/2024/QCA24-238.pdf,sclqld,FALSE,FALSE
75,[2024]QCA238,https://archive.sclqld.org.au/qjudgment/2024/QCA24-238.pdf,sclqld,FALSE,FALSE
75,[2023]QCA89,https://archive.sclqld.org.au/qjudgment/2023/QCA23-089.pdf,sclqld,FALSE,FALSE
75,[2018]QCA30,https://archive.sclqld.org.au/qjudgment/2018/QCA18-030.pdf,sclqld,FALSE,FALSE
78,[2024]QCA238,https://archive.sclqld.org.au/qjudgment/2024/QCA24-238.pdf,sclqld,FALSE,FALSE
78,[2024]QCA238,https://archive.sclqld.org.au/qjudgment/2024/QCA24-238.pdf,sclqld,FALSE,FALSE
78,[2024]QCA238,https://archive.sclqld.org.au/qjudgment/2024/QCA24-238.pdf,sclqld,FALSE,FALSE
78,[2024]QCA238,https://archive.sclqld.org.au/qjudgment/2024/QCA24-238.pdf,sclqld,FALSE,FALSE
78,[2024]QCA238,https://archive.sclqld.org.au/qjudgment/2024/QCA24-238.pdf,sclqld,FALSE,FALSE
82,[2013]QCA238,http://archive.sclqld.org.au/qjudgment/2013/QCA13-238.pdf,sclqld,FALSE,FALSE
82,[2013]QCA223,http://archive.sclqld.org.au/qjudgment/2013/QCA13-223.pdf,sclqld,FALSE,FALSE
85,[2009]QCA332,http://archive.sclqld.org.au/qjudgment/2009/QCA09-332.pdf,sclqld,FALSE,FALSE
85,[2009]QCA332,http://archive.sclqld.org.au/qjudgment/2009/QCA09-332.pdf,sclqld,FALSE,FALSE
86,[2013]QCA163,http://archive.sclqld.org.au/qjudgment/2013/QCA13-163.pdf,sclqld,FALSE,FALSE
96,[2018]QSC283,https://archive.sclqld.org.au/qjudgment/2018/QSC18-283.pdf,sclqld,FALSE,FALSE
96,[2018]QSC283,https://archive.sclqld.org.au/qjudgment/2018/QSC18-283.pdf,sclqld,FALSE,FALSE
96,[2014]QCA349,https://archive.sclqld.org.au/qjudgment/2014/QCA14-349.pdf,sclqld,FALSE,FALSE
97,[2007]HCA55,https://www.hcourt.gov.au/sites/default/files/eresources/2007/HCA/55.pdf,hcourt,FALSE,FALSE
100,[2021]HCA12,https://www.hcourt.gov.au/sites/default/files/eresources/2021/HCA/12.pdf,hcourt,FALSE,FALSE
112,[2007]HCA59,https://www.hcourt.gov.au/sites/default/files/eresources/2007/HCA/59.pdf,hcourt,FALSE,FALSE
112,[2007]HCA59,https://www.hcourt.gov.au/sites/default/files/eresources/2007/HCA/59.pdf,hcourt,FALSE,FALSE
119,[2010]QCA372,http://archive.sclqld.org.au/qjudgment/2010/QCA10-372.pdf,sclqld,FALSE,FALSE
119,[2000]HCA60,https://www.hcourt.gov.au/sites/default/files/eresources/2000/HCA/60.pdf,hcourt,FALSE,FALSE
119,[2024]QCA205,https://archive.sclqld.org.au/qjudgment/2024/QCA24-205.pdf,sclqld,FALSE,FALSE
122,[2013]QCA91,http://archive.sclqld.org.au/qjudgment/2013/QCA13-091.pdf,sclqld,FALSE,FALSE
126,[2014]QCA5,http://archive.sclqld.org.au/qjudgment/2014/QCA14-005.pdf,sclqld,FALSE,FALSE
129,[2017]HCA36,https://www.hcourt.gov.au/sites/default/files/eresources/2017/HCA/36.pdf,hcourt,FALSE,FALSE
131,[2001]QCA183,http://archive.sclqld.org.au/qjudgment/2001/QCA01-183.pdf,sclqld,FALSE,FALSE
131,[2002]HCA20,https://www.hcourt.gov.au/sites/default/files/eresources/2002/HCA/20.pdf,hcourt,FALSE,FALSE
131,[2004]QCA99,http://archive.sclqld.org.au/qjudgment/2004/QCA04-099.pdf,sclqld,FALSE,FALSE
132,[2020]QCA37,https://archive.sclqld.org.au/qjudgment/2020/QCA20-037.pdf,sclqld,FALSE,FALSE
132,[2003]HCA29,https://www.hcourt.gov.au/sites/default/files/eresources/2003/HCA/29.pdf,hcourt,FALSE,FALSE
134,[2005]HCA65,https://www.hcourt.gov.au/sites/default/files/eresources/2005/HCA/65.pdf,hcourt,FALSE,FALSE
134,[2005]HCA34,https://www.hcourt.gov.au/sites/default/files/eresources/2005/HCA/34.pdf,hcourt,FALSE,FALSE
134,[2002]HCA26,https://www.hcourt.gov.au/sites/default/files/eresources/2002/HCA/26.pdf,hcourt,FALSE,FALSE
144,[2015]HCA27,https://www.hcourt.gov.au/sites/default/files/eresources/2015/HCA/27.pdf,hcourt,FALSE,FALSE
144,[2012]QCA167,http://archive.sclqld.org.au/qjudgment/2012/QCA12-167.pdf,sclqld,FALSE,FALSE
144,[2012]QCA167,http://archive.sclqld.org.au/qjudgment/2012/QCA12-167.pdf,sclqld,FALSE,FALSE
150,[1996]QCA405,http://archive.sclqld.org.au/qjudgment/1996/QCA96-405.pdf,sclqld,FALSE,FALSE
150,[1996]QCA405,http://archive.sclqld.org.au/qjudgment/1996/QCA96-405.pdf,sclqld,FALSE,FALSE
152,[2019]HCA48,https://www.hcourt.gov.au/sites/default/files/eresources/2019/HCA/48.pdf,hcourt,FALSE,FALSE
152,[2001]HCA25,https://www.hcourt.gov.au/sites/default/files/eresources/2001/HCA/25.pdf,hcourt,FALSE,FALSE
152,[2014]QCA132,http://archive.sclqld.org.au/qjudgment/2014/QCA14-132.pdf,sclqld,FALSE,FALSE
153,[2006]QCA158,http://archive.sclqld.org.au/qjudgment/2006/QCA06-158.pdf,sclqld,FALSE,FALSE
153,[2008]QCA412,http://archive.sclqld.org.au/qjudgment/2008/QCA08-412.pdf,sclqld,FALSE,FALSE
155,[2001]HCA25,https://www.hcourt.gov.au/sites/default/files/eresources/2001/HCA/25.pdf,hcourt,FALSE,FALSE
155,[2014]QCA132,http://archive.sclqld.org.au/qjudgment/2014/QCA14-132.pdf,sclqld,FALSE,FALSE
155,[2004]QCA419,http://archive.sclqld.org.au/qjudgment/2004/QCA04-419.pdf,sclqld,FALSE,FALSE
155,[2004]QCA393,http://archive.sclqld.org.au/qjudgment/2004/QCA04-393.pdf,sclqld,FALSE,FALSE
172,[2006]QCA220,http://archive.sclqld.org.au/qjudgment/2006/QCA06-220.pdf,sclqld,FALSE,FALSE
173,[2021]HCA36,https://www.hcourt.gov.au/sites/default/files/eresources/2021/HCA/36.pdf,hcourt,FALSE,FALSE
173,[2021]HCA36,https://www.hcourt.gov.au/sites/default/files/eresources/2021/HCA/36.pdf,hcourt,FALSE,FALSE
178,[2020]HCA23,https://www.hcourt.gov.au/sites/default/files/eresources/2020/HCA/23.pdf,hcourt,FALSE,FALSE
180,[1999]HCA42,https://www.hcourt.gov.au/sites/default/files/eresources/2025-10-30/HCA/Robinson%20v%20The%20Queen%20%28B59-1998%29%20%5B1999%5D%20HCA%2042.pdf,hcourt,FALSE,FALSE
183,[1994]QCA476,http://archive.sclqld.org.au/qjudgment/1994/QCA94-476.pdf,sclqld,FALSE,FALSE
186,[2007]QCA383,http://archive.sclqld.org.au/qjudgment/2007/QCA07-383.pdf,sclqld,FALSE,FALSE
188,[2016]HCA35,https://www.hcourt.gov.au/sites/default/files/eresources/2016/HCA/35.pdf,hcourt,FALSE,FALSE
188,[2016]HCA35,https://www.hcourt.gov.au/sites/default/files/eresources/2016/HCA/35.pdf,hcourt,FALSE,FALSE
188,[2016]HCA35,https://www.hcourt.gov.au/sites/default/files/eresources/2016/HCA/35.pdf,hcourt,FALSE,FALSE
188,[2007]QCA66,http://archive.sclqld.org.au/qjudgment/2007/QCA07-066.pdf,sclqld,FALSE,FALSE
188,[2015]QCA167,http://archive.sclqld.org.au/qjudgment/2015/QCA15-167.pdf,sclqld,FALSE,FALSE
188,[2016]QCA27,http://archive.sclqld.org.au/qjudgment/2016/QCA16-027.pdf,sclqld,FALSE,FALSE
189,[1998]HCA21,https://www.hcourt.gov.au/sites/default/files/eresources/2025-10-23/HCA/Gipp%20v%20The%20Queen%20%28B4-1998%29%20%5B1998%5D%20HCA%2021.pdf,hcourt,FALSE,FALSE
189,[1998]HCA51,https://www.hcourt.gov.au/sites/default/files/eresources/2025-10-23/HCA/Penney%20v%20The%20Queen%20%28A66-1997%29%20%5B1998%5D%20HCA%2051.pdf,hcourt,FALSE,FALSE
194,[1999]QCA270,https://archive.sclqld.org.au/qjudgment/1999/QCA99-270.pdf,sclqld,FALSE,FALSE
197,[2010]QCA342,http://archive.sclqld.org.au/qjudgment/2010/QCA10-342.pdf,sclqld,FALSE,FALSE
197,[2011]QCA386,http://archive.sclqld.org.au/qjudgment/2011/QCA11-386.pdf,sclqld,FALSE,FALSE
197,[2000]HCA28,https://www.hcourt.gov.au/sites/default/files/eresources/2000/HCA/28.pdf,hcourt,FALSE,FALSE
197,[2000]HCA28,https://www.hcourt.gov.au/sites/default/files/eresources/2000/HCA/28.pdf,hcourt,FALSE,FALSE
197,[2003]HCA40,https://www.hcourt.gov.au/sites/default/files/eresources/2003/HCA/40.pdf,hcourt,FALSE,FALSE
197,[2010]QCA150,http://archive.sclqld.org.au/qjudgment/2010/QCA10-150.pdf,sclqld,FALSE,FALSE
197,[2011]QCA343,http://archive.sclqld.org.au/qjudgment/2011/QCA11-343.pdf,sclqld,FALSE,FALSE
197,[2019]HCA10,https://www.hcourt.gov.au/sites/default/files/eresources/2019/HCA/10.pdf,hcourt,FALSE,FALSE
200,[2010]QCA244,http://archive.sclqld.org.au/qjudgment/2010/QCA10-244.pdf,sclqld,FALSE,FALSE
200,[2010]QCA342,http://archive.sclqld.org.au/qjudgment/2010/QCA10-342.pdf,sclqld,FALSE,FALSE
200,[2001]QCA309,http://archive.sclqld.org.au/qjudgment/2001/QCA01-309.pdf,sclqld,FALSE,FALSE
200,[2011]QCA175,http://archive.sclqld.org.au/qjudgment/2011/QCA11-175.pdf,sclqld,FALSE,FALSE
200,[2024]QCA152,https://anzlaw.thomsonreuters.com/Document/Ic8896d50642211efb6d78c1fa0b6d9c8/View/FullText.html?transitionType=Default&contextData=(sc.Default)&VR=3.0&RS=cblt1.0,thomsonreuters,FALSE,FALSE
200,[2010]QCA150,http://archive.sclqld.org.au/qjudgment/2010/QCA10-150.pdf,sclqld,FALSE,FALSE
201,[2001]QCA272,http://archive.sclqld.org.au/qjudgment/2001/QCA01-272.pdf,sclqld,FALSE,FALSE
201,[2001]QCA193,http://archive.sclqld.org.au/qjudgment/2001/QCA01-193.pdf,sclqld,FALSE,FALSE
201,[2007]QCA267,http://archive.sclqld.org.au/qjudgment/2007/QCA07-267.pdf,sclqld,FALSE,FALSE
204,[1999]HCA32,https://www.hcourt.gov.au/sites/default/files/eresources/2025-10-30/HCA/Melbourne%20v%20The%20Queen%20%28D10-1998%29%20%5B1999%5D%20HCA%2032.pdf,hcourt,FALSE,FALSE
204,[2001]QCA390,http://archive.sclqld.org.au/qjudgment/2001/QCA01-390.pdf,sclqld,FALSE,FALSE
204,[2008]QCA145,http://archive.sclqld.org.au/qjudgment/2008/QCA08-145.pdf,sclqld,FALSE,FALSE
204,[2006]QCA244,http://archive.sclqld.org.au/qjudgment/2006/QCA06-244.pdf,sclqld,FALSE,FALSE
206,[1997]SASC6127,https://www.austlii.edu.au/cgi-bin/viewdoc/au/cases/sa/SASC/1997/6127.html?context=1;query=R%20v%20Sinclair;mask_path=au/cases/sa/SASC+au/cases/sa/SASCA+au/cases/sa/SASCFC+au/cases/sa/SACorC+au/cases/sa/SADC+au/cases/sa/SAERDC+au/cases/sa/SAET+au/cases/sa/SALC+au/cases/sa/SAPelhamRp+au/cases/sa/SAIRC+au/cases/sa/SAIndRp+au/cases/sa/SALawRp+au/cases/sa/SAStRp+au/cases/sa/SAWC+au/cases/sa/SACAT+au/cases/sa/SACHOSB+au/cases/sa/SACHOSBCP+au/cases/sa/SADB+au/cases/sa/SAEOT+au/cases/sa/SAHPT+au/cases/sa/SALGCmr+au/cases/sa/SAMB+au/cases/sa/SAPHB+au/cases/sa/SAPDB+au/cases/sa/SAIRComm+au/cases/sa/SADPCT+au/cases/sa/SAOmbFOI+au/cases/sa/SAPSB+au/cases/sa/SAPSBCP+au/cases/sa/SARTT+au/cases/sa/SARTTRP+au/cases/sa/SARTWPR+au/cases/sa/SARTWPRP+au/cases/sa/SAWLRP+au/cases/sa/SAWPRP+au/cases/sa/SAWCAT+au/cases/sa/SAWCT+au/cases/sa/SAWCRP,austlii,FALSE,FALSE
207,[2000]QCA211,http://archive.sclqld.org.au/qjudgment/2000/QCA00-211.pdf,sclqld,FALSE,FALSE
212,[1998]HCA2,https://www.hcourt.gov.au/sites/default/files/eresources/2025-10-16/HCA/Palmer%20v%20R%20%28M41-1997%29%20%5B1998%5D%20HCA%202.pdf,hcourt,FALSE,FALSE
212,[2016]QCA44,http://archive.sclqld.org.au/qjudgment/2016/QCA16-044.pdf,sclqld,FALSE,FALSE
213,[1998]HCA2,https://www.hcourt.gov.au/sites/default/files/eresources/2025-10-16/HCA/Palmer%20v%20R%20%28M41-1997%29%20%5B1998%5D%20HCA%202.pdf,hcourt,FALSE,FALSE
215,[2024]QCA120,https://archive.sclqld.org.au/qjudgment/2024/QCA24-120.pdf,sclqld,FALSE,FALSE
219,[2014]QCA246,https://archive.sclqld.org.au/qjudgment/2014/QCA14-246.pdf,sclqld,FALSE,FALSE
220,[2000]QCA244,https://archive.sclqld.org.au/qjudgment/2000/QCA00-244.pdf,sclqld,FALSE,FALSE
220,[2012]QCA213,https://archive.sclqld.org.au/qjudgment/2012/QCA12-213.pdf,sclqld,FALSE,FALSE
220,[2012]QCA213,https://archive.sclqld.org.au/qjudgment/2012/QCA12-213.pdf,sclqld,FALSE,FALSE
220,[2018]HCA40,https://www.hcourt.gov.au/sites/default/files/eresources/2018/HCA/40.pdf,hcourt,FALSE,FALSE
220,[2024]HCA15,https://www.hcourt.gov.au/sites/default/files/eresources/2024/HCA/15.pdf,hcourt,FALSE,FALSE
223,[2016]QCA71,http://archive.sclqld.org.au/qjudgment/2016/QCA16-071.pdf,sclqld,FALSE,FALSE
223,[2016]QCA248,http://archive.sclqld.org.au/qjudgment/2016/QCA16-248.pdf,sclqld,FALSE,FALSE
225,[2002]HCA33,https://www.hcourt.gov.au/sites/default/files/eresources/2002/HCA/33.pdf,hcourt,FALSE,FALSE
225,[2002]HCA33,https://www.hcourt.gov.au/sites/default/files/eresources/2002/HCA/33.pdf,hcourt,FALSE,FALSE
225,[2016]QCA302,http://archive.sclqld.org.au/qjudgment/2016/QCA16-302.pdf,sclqld,FALSE,FALSE
225,[2002]HCA33,https://www.hcourt.gov.au/sites/default/files/eresources/2002/HCA/33.pdf,hcourt,FALSE,FALSE
225,[2016]QCA302,http://archive.sclqld.org.au/qjudgment/2016/QCA16-302.pdf,sclqld,FALSE,FALSE
229,[1992]HCA13,https://www.austlii.edu.au/cgi-bin/viewdoc/au/cases/cth/HCA/1992/13.html,austlii,FALSE,FALSE
229,[1997]QCA441,http://archive.sclqld.org.au/qjudgment/1997/QCA97-441.pdf,sclqld,FALSE,FALSE
230,[1999]QCA105,http://archive.sclqld.org.au/qjudgment/1999/QCA99-105.pdf,sclqld,FALSE,FALSE
230,[1999]QCA105,http://archive.sclqld.org.au/qjudgment/1999/QCA99-105.pdf,sclqld,FALSE,FALSE
231,[1999]QCA105,http://archive.sclqld.org.au/qjudgment/1999/QCA99-105.pdf,sclqld,FALSE,FALSE
231,[1992]HCA13,https://www.austlii.edu.au/cgi-bin/viewdoc/au/cases/cth/HCA/1992/13.html,austlii,FALSE,FALSE
232,[2000]QSC273,https://anzlaw.thomsonreuters.com/Link/Document/FullText?findType=Y&serNum=1981172709&pubNum=3586&originatingDoc=I62b4467087a711e8aca5bab3c9b3f468&refType=TG&originationContext=document&transitionType=DocumentItem&ppcid=3330ee783afa40b282a2af2e018cf321&contextData=(sc.Default)&comp=wlau,thomsonreuters,FALSE,FALSE
232,[1997]QCA483,http://archive.sclqld.org.au/qjudgment/1997/QCA97-483.pdf,sclqld,FALSE,FALSE
232,[2014]QCA164,http://archive.sclqld.org.au/qjudgment/2014/QCA14-164.pdf,sclqld,FALSE,FALSE
234,[2010]QCA36,http://archive.sclqld.org.au/qjudgment/2010/QCA10-036.pdf,sclqld,FALSE,FALSE
234,[1992]HCA13,http://www.austlii.edu.au/cgi-bin/viewdoc/au/cases/cth/HCA/1992/13.html,austlii,FALSE,FALSE
234,[2012]QCA80,http://archive.sclqld.org.au/qjudgment/2012/QCA12-080.pdf,sclqld,FALSE,FALSE
246,[1999]HCA42,https://www.hcourt.gov.au/sites/default/files/eresources/2025-10-30/HCA/Robinson%20v%20The%20Queen%20%28B59-1998%29%20%5B1999%5D%20HCA%2042.pdf,hcourt,FALSE,FALSE
250,[2014]QCA299,http://archive.sclqld.org.au/qjudgment/2014/QCA14-299.pdf,sclqld,FALSE,FALSE
253,[2006]HCA4,https://www.hcourt.gov.au/sites/default/files/eresources/2006/HCA/4.pdf,hcourt,FALSE,FALSE
258,[2025]QCA152,https://archive.sclqld.org.au/qjudgment/2025/QCA25-152.pdf,sclqld,FALSE,FALSE
258,[2025]QCA111,https://archive.sclqld.org.au/qjudgment/2025/QCA25-111.pdf,sclqld,FALSE,FALSE
259,[2025]QCA186,https://archive.sclqld.org.au/qjudgment/2025/QCA25-186.pdf,sclqld,FALSE,FALSE
259,[2025]QCA186,https://archive.sclqld.org.au/qjudgment/2025/QCA25-186.pdf,sclqld,FALSE,FALSE
260,[2004]QCA481,http://archive.sclqld.org.au/qjudgment/2004/QCA04-481.pdf,sclqld,FALSE,FALSE
260,[2004]QCA481,http://archive.sclqld.org.au/qjudgment/2004/QCA04-481.pdf,sclqld,FALSE,FALSE
263,[2014]QCA289,http://archive.sclqld.org.au/qjudgment/2014/QCA14-289.pdf,sclqld,FALSE,FALSE
263,[2020]QCA57,https://archive.sclqld.org.au/qjudgment/2020/QCA20-057.pdf,sclqld,FALSE,FALSE
270,[2024]QCA238,https://plus.lexis.com/apac/document/documentlink/?pdmfid=1539278&crid=e776bbd4-9c35-4076-ae16-a3b5d5de0b93&pddocfullpath=%2Fshared%2Fdocument%2Fcases-au%2Furn:contentItem:6DH5-CWP3-MC8F-H0D4-00000-00&pdcontentcomponentid=267708&pdproductcontenttypeid=urn:pct:170&pdiskwicview=false&pdpinpoint=&prid=035b2acd-32ed-48ba-8c9a-dda43acb1f52&ecomp=7g_ck,lexis,FALSE,FALSE
270,[2023]QCA78,https://plus.lexis.com/apac/document/documentlink/?pdmfid=1539278&crid=1a1483c6-e19f-4a16-a678-a363645bf34c&pddocfullpath=%2Fshared%2Fdocument%2Fcases-au%2Furn:contentItem:683K-BM51-K0BB-S3B5-00000-00&pdcontentcomponentid=267708&pdproductcontenttypeid=urn:pct:170&pdiskwicview=false&pdpinpoint=&prid=c8f70373-9fba-4380-8463-e3671f91a333&ecomp=7g_ck,lexis,FALSE,FALSE
271,[2003]QCA435,https://advance-lexis-com.ezproxy-az.sclqld.org.au/document/?pdmfid=1201008&crid=c50bb7ff-acb2-4654-958a-63d7fec84c23&pddocfullpath=%2Fshared%2Fdocument%2Fcases-au%2Furn%3AcontentItem%3A5PB3-H441-FFFC-B09G-00000-00&pdcontentcomponentid=267708&pdshepid=urn%3AcontentItem%3A5PB3-H441-FFFC-B09G-00000-00&pdteaserkey=sr0&pdicsfeatureid=1517127&pditab=allpods&ecomp=hwtpk&earg=sr0&prid=7a737290-5d59-41c4-a16b-618471f9cbbe,sclqld,FALSE,FALSE
271,[2017]QCA11,https://archive.sclqld.org.au/qjudgment/2017/QCA17-011.pdf,sclqld,FALSE,FALSE
272,[2012]QCA156,https://archive.sclqld.org.au/qjudgment/2012/QCA12-156.pdf,sclqld,FALSE,FALSE
272,[2022]QCA108,https://advance-lexis-com.ezproxy-az.sclqld.org.au/document/documentlink/?pdmfid=1201008&crid=1d30bcdb-1ba8-44c3-a48d-9a6504faf7e7&pddocfullpath=%2Fshared%2Fdocument%2Fcases-au%2Furn%3AcontentItem%3A65PS-2CC1-F4GK-M1FS-00000-00&pdcontentcomponentid=267708&pddoctitle=%5B2022%5D+QCA+108&pdproductcontenttypeid=urn%3Apct%3A170&pdiskwicview=false&ecomp=g2z2k&prid=4ebd1e4a-1e67-43e8-a783-1d707b2fe1e8,sclqld,FALSE,FALSE
276,[2008]HCA16,https://www.hcourt.gov.au/sites/default/files/eresources/2008/HCA/16.pdf,hcourt,FALSE,FALSE
276,[2008]HCA16,https://www.hcourt.gov.au/sites/default/files/eresources/2008/HCA/16.pdf,hcourt,FALSE,FALSE
276,[2016]HCA14,https://www.hcourt.gov.au/sites/default/files/eresources/2016/HCA/14.pdf,hcourt,FALSE,FALSE
276,[2017]HCA20,https://www.hcourt.gov.au/sites/default/files/eresources/2017/HCA/20.pdf,hcourt,FALSE,FALSE
277,[2018]HCA40,https://www.hcourt.gov.au/sites/default/files/eresources/2018/HCA/40.pdf,hcourt,FALSE,FALSE
277,[2008]HCA16,https://www.hcourt.gov.au/sites/default/files/eresources/2008/HCA/16.pdf,hcourt,FALSE,FALSE
277,[2008]HCA16,https://www.hcourt.gov.au/sites/default/files/eresources/2008/HCA/16.pdf,hcourt,FALSE,FALSE
277,[2008]HCA16,https://www.hcourt.gov.au/sites/default/files/eresources/2008/HCA/16.pdf,hcourt,FALSE,FALSE
278,[2008]HCA16,https://www.hcourt.gov.au/sites/default/files/eresources/2008/HCA/16.pdf,hcourt,FALSE,FALSE
278,[2011]HCA12,https://www.hcourt.gov.au/sites/default/files/eresources/2011/HCA/12.pdf,hcourt,FALSE,FALSE
278,[2011]HCA12,https://www.hcourt.gov.au/sites/default/files/eresources/2011/HCA/12.pdf,hcourt,FALSE,FALSE
287,[2020]QCA38,https://archive.sclqld.org.au/qjudgment/2020/QCA20-038.pdf,sclqld,FALSE,FALSE
287,[2016]HCA12,https://www.hcourt.gov.au/sites/default/files/eresources/2016/HCA/12.pdf,hcourt,FALSE,FALSE
287,[2016]HCA12,https://www.hcourt.gov.au/sites/default/files/eresources/2016/HCA/12.pdf,hcourt,FALSE,FALSE
287,[2016]HCA12,https://www.hcourt.gov.au/sites/default/files/eresources/2016/HCA/12.pdf,hcourt,FALSE,FALSE
298,[2021]QCA15,https://jvl.sclqld.org.au/caselaw/QCA/2021/15,sclqld,FALSE,FALSE
299,[2020]HCA20,https://anzlaw.thomsonreuters.com/Document/I8669f472a2e611eab1cbf180a7ce9b34/View/FullText.html?transitionType=Default&contextData=(sc.Default)&VR=3.0&RS=cblt1.0,thomsonreuters,FALSE,FALSE
299,[2022]HCA24,https://anzlaw.thomsonreuters.com/Document/I78192fc0184511ed81c5f735b8cf580f/View/FullText.html?transitionType=Default&contextData=(sc.Default)&VR=3.0&RS=cblt1.0,thomsonreuters,FALSE,FALSE
299,[2001]QCA105,https://anzlaw.thomsonreuters.com/Document/If32f523088ab11e8aca5bab3c9b3f468/View/FullText.html?transitionType=Default&contextData=(sc.Default)&VR=3.0&RS=cblt1.0,thomsonreuters,FALSE,FALSE
300,[1997]QCA460,http://archive.sclqld.org.au/qjudgment/1997/QCA97-460.pdf,sclqld,FALSE,FALSE
300,[2007]QCA161,http://archive.sclqld.org.au/qjudgment/2007/QCA07-161.pdf,sclqld,FALSE,FALSE
300,[2000]QCA405,https://anzlaw.thomsonreuters.com/Document/I4993857088ab11e8aca5bab3c9b3f468/View/FullText.html?transitionType=Default&contextData=(sc.Default)&VR=3.0&RS=cblt1.0,thomsonreuters,FALSE,FALSE
300,[1997]QCA452,https://anzlaw.thomsonreuters.com/Document/I63a2bbe088a911e8aca5bab3c9b3f468/View/FullText.html?transitionType=Default&contextData=(sc.Default)&VR=3.0&RS=cblt1.0,thomsonreuters,FALSE,FALSE
300,[2001]QCA105,http://archive.sclqld.org.au/qjudgment/2001/QCA01-105.pdf,sclqld,FALSE,FALSE
300,[2001]QCA105,http://archive.sclqld.org.au/qjudgment/2001/QCA01-105.pdf,sclqld,FALSE,FALSE
300,[1997]QCA452,http://archive.sclqld.org.au/qjudgment/1997/QCA97-452.pdf,sclqld,FALSE,FALSE
300,[2012]QCA82,http://archive.sclqld.org.au/qjudgment/2012/QCA12-082.pdf,sclqld,FALSE,FALSE
300,[2000]QCA347,http://archive.sclqld.org.au/qjudgment/2000/QCA00-347.pdf,sclqld,FALSE,FALSE
300,[1998]QCA64,http://archive.sclqld.org.au/qjudgment/1998/QCA98-064.pdf,sclqld,FALSE,FALSE
300,[1998]QCA64,http://archive.sclqld.org.au/qjudgment/1998/QCA98-064.pdf,sclqld,FALSE,FALSE
300,[2016]QCA144,http://archive.sclqld.org.au/qjudgment/2016/QCA16-144.pdf,sclqld,FALSE,FALSE
301,[2012]QCA104,http://archive.sclqld.org.au/qjudgment/2012/QCA12-104.pdf,sclqld,FALSE,FALSE
301,[2024]QCA212,https://plus.lexis.com/apac/document/documentlink/?pdmfid=1539278&crid=9b39c9d7-b689-41a1-b526-e38069dcd633&pddocfullpath=%2Fshared%2Fdocument%2Fcases-au%2Furn:contentItem:6DC9-W583-MHD8-S2F6-00000-00&pdcontentcomponentid=267708&pdproductcontenttypeid=urn:pct:170&pdiskwicview=false&pdpinpoint=&prid=3f976b77-4510-485f-b665-2e2088294fe0&ecomp=cg_ck,lexis,FALSE,FALSE
301,[1998]QCA188,http://archive.sclqld.org.au/qjudgment/1998/QCA98-188.pdf,sclqld,FALSE,FALSE
301,[2024]QCA134,"https://plus.lexis.com/apac/search/?pdmfid=1539278&crid=4a8e37df-0efb-483a-9cd2-ac1664037e6a&pdsearchterms=%5B2024%5D%20qca%20134&pdtypeofsearch=searchboxclick&pdsearchtype=SearchBox&pdstartin=&pdpsf=&pdqttype=and&pdquerytemplateid=&pdsf=MTA3MjUyNQ~{}%5Ecases-au,cases-nz~{}%5ECaseBase%2520Cases&ecomp=6t7kk&earg=pdsf&prid=4dc42e62-60f2-4625-a6cd-2eedb91e0c4b",lexis,FALSE,FALSE
302,[2000]QCA393,http://archive.sclqld.org.au/qjudgment/2000/QCA00-393.pdf,sclqld,FALSE,FALSE
302,[2000]QCA393,http://archive.sclqld.org.au/qjudgment/2000/QCA00-393.pdf,sclqld,FALSE,FALSE
302,[2004]QCA18,http://archive.sclqld.org.au/qjudgment/2004/QCA04-018.pdf,sclqld,FALSE,FALSE
303,[1998]QCA188,http://archive.sclqld.org.au/qjudgment/1998/QCA98-188.pdf,sclqld,FALSE,FALSE
303,[1998]QCA188,http://archive.sclqld.org.au/qjudgment/1998/QCA98-188.pdf,sclqld,FALSE,FALSE
305,[2012]QCA111,http://archive.sclqld.org.au/qjudgment/2012/QCA12-111.pdf,sclqld,FALSE,FALSE
305,[2012]QCA111,http://archive.sclqld.org.au/qjudgment/2012/QCA12-111.pdf,sclqld,FALSE,FALSE
321,[2016]HCA12,https://www.hcourt.gov.au/sites/default/files/eresources/2016/HCA/12.pdf,hcourt,FALSE,FALSE
321,[2002]QCA442,http://archive.sclqld.org.au/qjudgment/2002/QCA02-442.pdf,sclqld,FALSE,FALSE
322,[2002]HCA33,https://www.hcourt.gov.au/sites/default/files/eresources/2002/HCA/33.pdf,hcourt,FALSE,FALSE
352,[2020]HCA11,https://www.hcourt.gov.au/sites/default/files/eresources/2020/HCA/11.pdf,hcourt,FALSE,FALSE
353,[2016]HCA12,https://www.hcourt.gov.au/sites/default/files/eresources/2016/HCA/12.pdf,hcourt,FALSE,FALSE
353,[2016]HCA12,https://www.hcourt.gov.au/sites/default/files/eresources/2016/HCA/12.pdf,hcourt,FALSE,FALSE
363,[2020]HCA11,https://eresources.hcourt.gov.au/showCase/2020/HCA/11,hcourt,FALSE,FALSE
376,[2020]HCA11,https://eresources.hcourt.gov.au/showCase/2020/HCA/11,hcourt,FALSE,FALSE
376,[2020]HCA11,https://eresources.hcourt.gov.au/showCase/2020/HCA/11,hcourt,FALSE,FALSE
390,[2020]HCA11,https://www.hcourt.gov.au/sites/default/files/eresources/2020/HCA/11.pdf,hcourt,FALSE,FALSE
410,[2003]QCA70,https://archive.sclqld.org.au/qjudgment/2003/QCA03-070.pdf,sclqld,FALSE,FALSE
410,[2016]QCA144,https://archive.sclqld.org.au/qjudgment/2016/QCA16-144.pdf,sclqld,FALSE,FALSE
410,[2002]QCA206,https://archive.sclqld.org.au/qjudgment/2002/QCA02-206.pdf,sclqld,FALSE,FALSE
410,[2001]QCA105,https://archive.sclqld.org.au/qjudgment/2001/QCA01-105.pdf,sclqld,FALSE,FALSE
410,[2002]QCA206,https://archive.sclqld.org.au/qjudgment/2002/QCA02-206.pdf,sclqld,FALSE,FALSE
410,[2020]QCA135,https://archive.sclqld.org.au/qjudgment/2020/QCA20-135.pdf,sclqld,FALSE,FALSE
415,[2012]QCA265,https://archive.sclqld.org.au/qjudgment/2012/QCA12-265.pdf,sclqld,FALSE,FALSE
416,[1997]QCA355,https://archive.sclqld.org.au/qjudgment/1997/QCA97-355.pdf,sclqld,FALSE,FALSE
419,[2016]HCA12,https://eresources.hcourt.gov.au/downloadPdf/2016/HCA/12,hcourt,FALSE,FALSE
425,[1962]HCA23,https://eresources.hcourt.gov.au/showbyHandle/1/9350,hcourt,FALSE,FALSE
429,[2016]HCA12,https://eresources.hcourt.gov.au/downloadPdf/2016/HCA/12,hcourt,FALSE,FALSE
449,[2002]QCA357,https://www.sclqld.org.au/caselaw/48219,sclqld,FALSE,FALSE
464,[2012]QCA330,http://archive.sclqld.org.au/qjudgment/2012/QCA12-330.pdf,sclqld,FALSE,FALSE
465,[2011]QCA114,http://archive.sclqld.org.au/qjudgment/2011/QCA11-114.pdf,sclqld,FALSE,FALSE
465,[2003]QCA567,http://archive.sclqld.org.au/qjudgment/2003/QCA03-567.pdf,sclqld,FALSE,FALSE
465,[2016]QCA123,http://archive.sclqld.org.au/qjudgment/2016/QCA16-123.pdf,sclqld,FALSE,FALSE
465,[2016]QCA123,http://archive.sclqld.org.au/qjudgment/2016/QCA16-123.pdf,sclqld,FALSE,FALSE
484,[2005]QCA97,http://archive.sclqld.org.au/qjudgment/2005/QCA05-097.pdf,sclqld,FALSE,FALSE
484,[2011]QCA19,http://archive.sclqld.org.au/qjudgment/2011/QCA11-019.pdf,sclqld,FALSE,FALSE
485,[2013]QCA254,http://archive.sclqld.org.au/qjudgment/2013/QCA13-254.pdf,sclqld,FALSE,FALSE
485,[2020]QCA192,https://archive.sclqld.org.au/qjudgment/2020/QCA20-192.pdf,sclqld,FALSE,FALSE
488,[2018]QCA125,https://advance-lexis-com.ezproxy-az.sclqld.org.au/document/onecase/?pdmfid=1201008&crid=fc9ac081-030d-428f-a18f-09184595b47d&pddocfullpath=%2Fshared%2Fdocument%2Fcases-au%2Furn%3AcontentItem%3A5SM9-G441-F1WF-M2G8-00000-00&pdcontentcomponentid=267708&pdteaserkey=cr2&pdicsfeatureid=1517127&pditab=allpods&ecomp=hctpk&earg=cr2&prid=3b8415b2-7479-4be0-a425-f59030f2e5b6,sclqld,FALSE,FALSE
514,[1998]QCA333,https://archive.sclqld.org.au/qjudgment/1998/QCA98-333.pdf,sclqld,FALSE,FALSE
530,[2002]QCA206,https://archive.sclqld.org.au/qjudgment/2002/QCA02-206.pdf,sclqld,FALSE,FALSE
531,[2007]QCA210,http://archive.sclqld.org.au/qjudgment/2007/QCA07-210.pdf,sclqld,FALSE,FALSE
532,[2013]QCA223,https://archive.sclqld.org.au/qjudgment/2013/QCA13-223.pdf,sclqld,FALSE,FALSE
563,[2002]QCA206,https://archive.sclqld.org.au/qjudgment/2002/QCA02-206.pdf,sclqld,FALSE,FALSE
589,[2012]QCA337,http://archive.sclqld.org.au/qjudgment/2012/QCA12-337.pdf,sclqld,FALSE,FALSE
589,[2012]QCA337,http://archive.sclqld.org.au/qjudgment/2012/QCA12-337.pdf,sclqld,FALSE,FALSE
589,[2008]HCA16,https://www.hcourt.gov.au/sites/default/files/eresources/2008/HCA/16.pdf,hcourt,FALSE,FALSE
642,[2017]QSC108,https://archive.sclqld.org.au/qjudgment/2017/QSC17-108.pdf,sclqld,FALSE,FALSE
642,[2018]QCA227,https://archive.sclqld.org.au/qjudgment/2018/QCA18-227.pdf,sclqld,FALSE,FALSE
642,[2018]QCA365,https://archive.sclqld.org.au/qjudgment/2018/QCA18-365.pdf,sclqld,FALSE,FALSE
642,[2018]QCA365,https://archive.sclqld.org.au/qjudgment/2018/QCA18-365.pdf,sclqld,FALSE,FALSE
643,[2018]QCA125,https://archive.sclqld.org.au/qjudgment/2018/QCA18-125.pdf,sclqld,FALSE,FALSE
654,[2017]QSC108,https://archive.sclqld.org.au/qjudgment/2017/QSC17-108.pdf,sclqld,FALSE,FALSE
654,[2018]QCA227,https://archive.sclqld.org.au/qjudgment/2018/QCA18-227.pdf,sclqld,FALSE,FALSE
654,[2018]QCA365,https://archive.sclqld.org.au/qjudgment/2018/QCA18-365.pdf,sclqld,FALSE,FALSE
654,[2018]QCA365,https://archive.sclqld.org.au/qjudgment/2018/QCA18-365.pdf,sclqld,FALSE,FALSE
655,[2018]QCA125,https://archive.sclqld.org.au/qjudgment/2018/QCA18-125.pdf,sclqld,FALSE,FALSE
672,[2008]QCA325,https://archive.sclqld.org.au/qjudgment/2008/QCA08-325.pdf,sclqld,FALSE,FALSE
693,[2013]QCA246,http://archive.sclqld.org.au/qjudgment/2013/QCA13-246.pdf,sclqld,FALSE,FALSE
694,[1996]QCA258,https://archive.sclqld.org.au/qjudgment/1996/QCA96-258.pdf,sclqld,FALSE,FALSE
694,[2009]QCA28,http://archive.sclqld.org.au/qjudgment/2009/QCA09-028.pdf,sclqld,FALSE,FALSE
694,[2013]QCA342,http://archive.sclqld.org.au/qjudgment/2013/QCA13-342.pdf,sclqld,FALSE,FALSE
697,[1996]QCA258,https://archive.sclqld.org.au/qjudgment/1996/QCA96-258.pdf,sclqld,FALSE,FALSE
706,[2021]QCA136,https://jvl.sclqld.org.au/caselaw/QCA/2021/136,sclqld,FALSE,FALSE
725,[2001]QCA387,https://archive.sclqld.org.au/qjudgment/2001/QCA01-387.pdf,sclqld,FALSE,FALSE
731,[2003]QCA356,http://archive.sclqld.org.au/qjudgment/2003/QCA03-356.pdf,sclqld,FALSE,FALSE
734,[2005]QCA103,http://archive.sclqld.org.au/qjudgment/2005/QCA05-103.pdf,sclqld,FALSE,FALSE
737,[2015]HCA38,https://eresources.hcourt.gov.au/showCase/2015/HCA/38,hcourt,FALSE,FALSE
737,[1985]HCA50,https://eresources.hcourt.gov.au/showbyHandle/1/11654,hcourt,FALSE,FALSE
737,[1995]HCA41,https://eresources.hcourt.gov.au/showbyHandle/1/9647,hcourt,FALSE,FALSE
740,[2016]NTSC25,https://supremecourt.nt.gov.au/__data/assets/pdf_file/0009/766161/NTSC-25-BLO1606-Mulhall-v-The-Queen-5-May.doc.pdf,nt,FALSE,FALSE
742,[2005]QCA369,http://archive.sclqld.org.au/qjudgment/2005/QCA05-369.pdf,sclqld,FALSE,FALSE
750,[1998]QCA393,http://archive.sclqld.org.au/qjudgment/1998/QCA98-393.pdf,sclqld,FALSE,FALSE
751,[1998]QCA393,http://archive.sclqld.org.au/qjudgment/1998/QCA98-393.pdf,sclqld,FALSE,FALSE
751,[1998]QCA393,http://archive.sclqld.org.au/qjudgment/1998/QCA98-393.pdf,sclqld,FALSE,FALSE
756,[2002]WASCA46,https://anzlaw.thomsonreuters.com/Document/I37d5c5a0899111e8aca5bab3c9b3f468/View/FullText.html?transitionType=Default&contextData=(sc.Default)&VR=3.0&RS=cblt1.0,thomsonreuters,FALSE,FALSE
756,[2006]QCA463,https://advance-lexis-com.ezproxy-az.sclqld.org.au/api/permalink/e07322c1-da01-48d3-a2d8-5474aafe1932/?context=1201008&identityprofileid=98NNDT55483,sclqld,FALSE,FALSE
756,[2009]QCA131,https://advance-lexis-com.ezproxy-az.sclqld.org.au/api/permalink/07e298e6-6b9e-4750-8bf6-f163a41e3d9e/?context=1201008&identityprofileid=98NNDT55483,sclqld,FALSE,FALSE
780,[2023]HCA16,https://www.hcourt.gov.au/sites/default/files/eresources/2023/HCA/16.pdf,hcourt,FALSE,FALSE
780,[2023]HCA16,https://www.hcourt.gov.au/sites/default/files/eresources/2023/HCA/16.pdf,hcourt,FALSE,FALSE
780,[2023]HCA16,https://www.hcourt.gov.au/sites/default/files/eresources/2023/HCA/16.pdf,hcourt,FALSE,FALSE
786,[1978]HCA9,https://www.austlii.edu.au/cgi-bin/viewdoc/au/cases/cth/HCA/1978/9.html,austlii,FALSE,FALSE
786,[2003]QCA431,http://archive.sclqld.org.au/qjudgment/2003/QCA03-431.pdf,sclqld,FALSE,FALSE
786,[2003]QCA246,http://archive.sclqld.org.au/qjudgment/2003/QCA03-246.pdf,sclqld,FALSE,FALSE
786,[2003]QCA246,http://archive.sclqld.org.au/qjudgment/2003/QCA03-246.pdf,sclqld,FALSE,FALSE
786,[2009]QCA028,http://archive.sclqld.org.au/qjudgment/2009/QCA09-028.pdf,sclqld,FALSE,FALSE
789,[2002]HCA25,https://www.hcourt.gov.au/sites/default/files/eresources/2002/HCA/25.pdf,hcourt,FALSE,FALSE
790,[2007]QCA219,http://archive.sclqld.org.au/qjudgment/2007/QCA07-219.pdf,sclqld,FALSE,FALSE
790,[2002]HCA26,https://www.hcourt.gov.au/sites/default/files/eresources/2002/HCA/26.pdf,hcourt,FALSE,FALSE
790,[2002]HCA26,https://www.hcourt.gov.au/sites/default/files/eresources/2002/HCA/26.pdf,hcourt,FALSE,FALSE
797,[1998]HCA7,https://www.hcourt.gov.au/sites/default/files/eresources/2025-10-16/HCA/Peters%20v%20R%20%28M6-97%29%20%5B1998%5D%20HCA%207.pdf,hcourt,FALSE,FALSE
797,[2007]QCA150,http://archive.sclqld.org.au/qjudgment/2007/QCA07-150.pdf,sclqld,FALSE,FALSE
799,[2008]QCA28,http://archive.sclqld.org.au/qjudgment/2008/QCA08-028.pdf,sclqld,FALSE,FALSE
799,[2005]HCA65,https://www.hcourt.gov.au/sites/default/files/eresources/2005/HCA/65.pdf,hcourt,FALSE,FALSE
800,[2010]QCA117,http://archive.sclqld.org.au/qjudgment/2010/QCA10-117.pdf,sclqld,FALSE,FALSE
800,[2005]QCA138,http://archive.sclqld.org.au/qjudgment/2005/QCA05-138.pdf,sclqld,FALSE,FALSE
800,[2006]QCA162,http://archive.sclqld.org.au/qjudgment/2006/QCA06-162.pdf,sclqld,FALSE,FALSE
800,[2005]QCA138,http://archive.sclqld.org.au/qjudgment/2005/QCA05-138.pdf,sclqld,FALSE,FALSE
800,[2006]QCA162,http://archive.sclqld.org.au/qjudgment/2006/QCA06-162.pdf,sclqld,FALSE,FALSE
800,[2011]QCA339,http://archive.sclqld.org.au/qjudgment/2011/QCA11-339.pdf,sclqld,FALSE,FALSE
800,[2018]HCA8,https://www.hcourt.gov.au/sites/default/files/eresources/2018/HCA/8.pdf,hcourt,FALSE,FALSE
800,[2002]HCA26,https://www.hcourt.gov.au/sites/default/files/eresources/2002/HCA/26.pdf,hcourt,FALSE,FALSE
800,[2005]HCA65,https://www.hcourt.gov.au/sites/default/files/eresources/2005/HCA/65.pdf,hcourt,FALSE,FALSE
805,[2018]QCA258,https://archive.sclqld.org.au/qjudgment/2018/QCA18-258.pdf,sclqld,FALSE,FALSE
805,[2010]QCA194,https://archive.sclqld.org.au/qjudgment/2010/QCA10-194.pdf,sclqld,FALSE,FALSE
805,[2011]QCA123,http://archive.sclqld.org.au/qjudgment/2011/QCA11-123.pdf,sclqld,FALSE,FALSE
805,[1998]QCA119,https://archive.sclqld.org.au/qjudgment/1998/QCA98-119.pdf,sclqld,FALSE,FALSE
805,[2010]QCA194,http://archive.sclqld.org.au/qjudgment/2010/QCA10-194.pdf,sclqld,FALSE,FALSE
808,[2019]QCA299,https://archive.sclqld.org.au/qjudgment/2019/QCA19-299.pdf,sclqld,FALSE,FALSE
808,[2020]QCA199,https://archive.sclqld.org.au/qjudgment/2020/QCA20-199.pdf,sclqld,FALSE,FALSE
809,[2011]QCA123,http://archive.sclqld.org.au/qjudgment/2011/QCA11-123.pdf,sclqld,FALSE,FALSE
810,[1998]QCA119,https://archive.sclqld.org.au/qjudgment/1998/QCA98-119.pdf,sclqld,FALSE,FALSE
815,[2005]QCA306,http://www8.austlii.edu.au/cgi-bin/viewdoc/au/cases/qld/QCA/2005/306.html?query=,austlii,FALSE,FALSE
815,[2024]QCA198,https://plus.lexis.com/apac/document/documentlink/?pdmfid=1539278&crid=203fbd3a-aea5-4339-94ff-d09a86eb021e&pddocfullpath=%2Fshared%2Fdocument%2Fcases-au%2Furn:contentItem:6D8B-JTD3-MB3C-T278-00000-00&pdcontentcomponentid=267708&pdproductcontenttypeid=urn:pct:170&pdiskwicview=false&pdpinpoint=&prid=b4c3838a-5650-4e9a-802c-275c5c2ad1de&ecomp=7g_ck,lexis,FALSE,FALSE
816,[1998]QCA119,https://archive.sclqld.org.au/qjudgment/1998/QCA98-119.pdf,sclqld,FALSE,FALSE
826,[2009]HCA53,https://www.hcourt.gov.au/sites/default/files/eresources/2009/HCA/53.pdf,hcourt,FALSE,FALSE
826,[2017]HCA17,https://www.hcourt.gov.au/sites/default/files/eresources/2017/HCA/17.pdf,hcourt,FALSE,FALSE
830,[2009]HCA53,https://www.hcourt.gov.au/sites/default/files/eresources/2009/HCA/53.pdf,hcourt,FALSE,FALSE
830,[2017]HCA17,https://www.hcourt.gov.au/sites/default/files/eresources/2017/HCA/17.pdf,hcourt,FALSE,FALSE
835,[2013]QCA361,https://archive.sclqld.org.au/qjudgment/2013/QCA13-361.pdf,sclqld,FALSE,FALSE
836,[2009]QCA375,http://archive.sclqld.org.au/qjudgment/2009/QCA09-375.pdf,sclqld,FALSE,FALSE
844,[2024]QCA165,https://archive.sclqld.org.au/qjudgment/2024/QCA24-165.pdf,sclqld,FALSE,FALSE
844,[2024]QCA165,https://archive.sclqld.org.au/qjudgment/2024/QCA24-165.pdf,sclqld,FALSE,FALSE
844,[2024]QCA165,https://archive.sclqld.org.au/qjudgment/2024/QCA24-165.pdf,sclqld,FALSE,FALSE
844,[2024]QCA165,https://archive.sclqld.org.au/qjudgment/2024/QCA24-165.pdf,sclqld,FALSE,FALSE
850,[2024]QCA165,https://archive.sclqld.org.au/qjudgment/2024/QCA24-165.pdf,sclqld,FALSE,FALSE
856,[2009]QCA309,http://archive.sclqld.org.au/qjudgment/2009/QCA09-309.pdf,sclqld,FALSE,FALSE
857,[2002]QCA360,http://archive.sclqld.org.au/qjudgment/2002/QCA02-360.pdf,sclqld,FALSE,FALSE
895,[2024]QCA19,https://anzlaw.thomsonreuters.com/Document/Ic8d28070cf8611eea4f4c0c40afe197b/View/FullText.html?transitionType=UniqueDocItem&contextData=(sc.Default)&userEnteredCitation=R+v+Tracy+%5b2024%5d+QCA+19&comp=wlau,thomsonreuters,FALSE,FALSE
918,[2014]QCA104,http://archive.sclqld.org.au/qjudgment/2014/QCA14-104.pdf,sclqld,FALSE,FALSE
922,[2024]QCA194,https://anzlaw.thomsonreuters.com/Document/Icc9597108cf011efaf09a53406c15bac/View/FullText.html?transitionType=Default&contextData=(sc.Default)&VR=3.0&RS=cblt1.0,thomsonreuters,FALSE,FALSE
930,[2012]QCA244,http://archive.sclqld.org.au/qjudgment/2012/QCA12-244.pdf,sclqld,FALSE,FALSE
930,[2012]QCA248,http://archive.sclqld.org.au/qjudgment/2012/QCA12-248.pdf,sclqld,FALSE,FALSE
930,[2012]QCA244,http://archive.sclqld.org.au/qjudgment/2012/QCA12-244.pdf,sclqld,FALSE,FALSE
930,[2012]QCA244,http://archive.sclqld.org.au/qjudgment/2012/QCA12-244.pdf,sclqld,FALSE,FALSE
930,[2012]QCA248,http://archive.sclqld.org.au/qjudgment/2012/QCA12-248.pdf,sclqld,FALSE,FALSE