page_no,link_text,link_destination,jade_mnc_link,jade_article_link
2,[2000]HCA3,https://anzlaw.thomsonreuters.com/Document/Idb17678087b311e8aca5bab3c9b3f468/View/FullText.html?transitionType=Default&contextData=(sc.Default)&VR=3.0&RS=cblt1.0,https://jade.io/mnc/2000/hca/3,https://jade.io/article/68197
3,[2002]HCA12,https://www.hcourt.gov.au/sites/default/files/eresources/2002/HCA/12.pdf,https://jade.io/mnc/2002/hca/12,https://jade.io/article/68320
3,[2000]HCA3,https://www.hcourt.gov.au/sites/default/files/eresources/2000/HCA/3.pdf,https://jade.io/mnc/2000/hca/3,https://jade.io/article/68197
9,[2013]QCA52,http://archive.sclqld.org.au/qjudgment/2013/QCA13-052.pdf,https://jade.io/mnc/2013/qca/52,https://jade.io/article/292148
13,[2014]QSC277,https://archive.sclqld.org.au/qjudgment/2014/QSC14-277.pdf,https://jade.io/mnc/2014/qsc/277,https://jade.io/article/350735
17,[2014]QCA223,https://archive.sclqld.org.au/qjudgment/2014/QCA14-223.pdf,https://jade.io/mnc/2014/qca/223,https://jade.io/article/344444
17,[2001]QCA263,https://archive.sclqld.org.au/qjudgment/2001/QCA01-263.pdf,https://jade.io/mnc/2001/qca/263,https://jade.io/article/167089
18,[2016]QCA336,https://archive.sclqld.org.au/qjudgment/2016/QCA16-336.pdf,https://jade.io/mnc/2016/qca/336,https://jade.io/article/508903
18,[2007]QCA447,https://archive.sclqld.org.au/qjudgment/2007/QCA07-447.pdf,https://jade.io/mnc/2007/qca/447,https://jade.io/article/19155
19,[1993]QCA419,https://archive.sclqld.org.au/qjudgment/1993/QCA93-419.pdf,https://jade.io/mnc/1993/qca/419,https://jade.io/article/205748
19,[2007]QCA447,https://archive.sclqld.org.au/qjudgment/2007/QCA07-447.pdf,https://jade.io/mnc/2007/qca/447,https://jade.io/article/19155
20,[1992]QCA223,https://archive.sclqld.org.au/qjudgment/1992/QCA92-223.pdf,https://jade.io/mnc/1992/qca/223,https://jade.io/article/205369
20,[2007]QCA447,https://archive.sclqld.org.au/qjudgment/2007/QCA07-447.pdf,https://jade.io/mnc/2007/qca/447,https://jade.io/article/19155
20,[2016]QCA336,https://archive.sclqld.org.au/qjudgment/2016/QCA16-336.pdf,https://jade.io/mnc/2016/qca/336,https://jade.io/article/508903
21,[2019]QCA28,https://archive.sclqld.org.au/qjudgment/2019/QCA19-028.pdf,https://jade.io/mnc/2019/qca/28,https://jade.io/article/635719
22,[2007]QCA373,https://archive.sclqld.org.au/qjudgment/2007/QCA07-373.pdf,https://jade.io/mnc/2007/qca/373,https://jade.io/article/16851
22,[2015]HCA27,https://www.hcourt.gov.au/sites/default/files/eresources/2015/HCA/27.pdf,https://jade.io/mnc/2015/hca/27,https://jade.io/article/402565
22,[1999]HCA52,https://www.hcourt.gov.au/sites/default/files/eresources/2025-10-30/HCA/Wu%20v%20The%20Queen%20%28S22-1999%29%20%5B1999%5D%20HCA%2052.pdf,https://jade.io/mnc/1999/hca/52,https://jade.io/article/68154
23,[2013]QCA29,https://archive.sclqld.org.au/qjudgment/2013/QCA13-029.pdf,https://jade.io/mnc/2013/qca/29,https://jade.io/article/290755
27,[2014]QCA223,https://archive.sclqld.org.au/qjudgment/2014/QCA14-223.pdf,https://jade.io/mnc/2014/qca/223,https://jade.io/article/344444
28,[2010]QCA194,https://archive.sclqld.org.au/qjudgment/2010/QCA10-194.pdf,https://jade.io/mnc/2010/qca/194,https://jade.io/article/196759
28,[2015]HCA27,https://www.hcourt.gov.au/sites/default/files/eresources/2015/HCA/27.pdf,https://jade.io/mnc/2015/hca/27,https://jade.io/article/402565
28,[2016]QCA350,https://archive.sclqld.org.au/qjudgment/2016/QCA16-350.pdf,https://jade.io/mnc/2016/qca/350,https://jade.io/article/510362
39,[2017]QCA169,https://archive.sclqld.org.au/qjudgment/2017/QCA17-169.pdf,https://jade.io/mnc/2017/qca/169,https://jade.io/article/543834
39,[2017]QCA169,https://archive.sclqld.org.au/qjudgment/2017/QCA17-169.pdf,https://jade.io/mnc/2017/qca/169,https://jade.io/article/543834
39,[2018]QCA30,https://archive.sclqld.org.au/qjudgment/2018/QCA18-030.pdf,https://jade.io/mnc/2018/qca/30,https://jade.io/article/573709
39,[2007]HCA55,https://www.hcourt.gov.au/sites/default/files/eresources/2007/HCA/55.pdf,https://jade.io/mnc/2007/hca/55,https://jade.io/article/18380
40,[2018]QSC283,https://archive.sclqld.org.au/qjudgment/2018/QSC18-283.pdf,https://jade.io/mnc/2018/qsc/283,https://jade.io/article/622777
40,[2017]QCA257,https://archive.sclqld.org.au/qjudgment/2017/QCA17-257.pdf,https://jade.io/mnc/2017/qca/257,https://jade.io/article/561178
44,[1981]HCA46,https://www.austlii.edu.au/cgi-bin/viewdoc/au/cases/cth/HCA/1981/46.html,https://jade.io/mnc/1981/hca/46,https://jade.io/article/66931
44,[2004]QCA219,http://archive.sclqld.org.au/qjudgment/2004/QCA04-219.pdf,https://jade.io/mnc/2004/qca/219,https://jade.io/article/207208
53,[2002]QCA464,https://archive.sclqld.org.au/qjudgment/2002/QCA02-464.pdf,https://jade.io/mnc/2002/qca/464,https://jade.io/article/207042
57,[2012]QCA343,http://archive.sclqld.org.au/qjudgment/2012/QCA12-343.pdf,https://jade.io/mnc/2012/qca/343,https://jade.io/article/287608
58,[2012]QCA343,http://archive.sclqld.org.au/qjudgment/2012/QCA12-343.pdf,https://jade.io/mnc/2012/qca/343,https://jade.io/article/287608
58,[2015]QCA123,http://archive.sclqld.org.au/qjudgment/2015/QCA15-123.pdf,https://jade.io/mnc/2015/qca/123,https://jade.io/article/400134
61,[2013]QCA238,http://archive.sclqld.org.au/qjudgment/2013/QCA13-238.pdf,https://jade.io/mnc/2013/qca/238,https://jade.io/article/301033
70,[2006]QCA378,http://archive.sclqld.org.au/qjudgment/2006/QCA06-378.pdf,https://jade.io/mnc/2006/qca/378,https://jade.io/article/169461
70,[2006]QCA378,http://archive.sclqld.org.au/qjudgment/2006/QCA06-378.pdf,https://jade.io/mnc/2006/qca/378,https://jade.io/article/169461
70,[2006]QCA79,http://archive.sclqld.org.au/qjudgment/2006/QCA06-079.pdf,https://jade.io/mnc/2006/qca/79,https://jade.io/article/169220
70,[2006]QCA80,http://archive.sclqld.org.au/qjudgment/2006/QCA06-080.pdf,https://jade.io/mnc/2006/qca/80,https://jade.io/article/169221
70,[2013]QCA196,http://archive.sclqld.org.au/qjudgment/2013/QCA13-196.pdf,https://jade.io/mnc/2013/qca/196,https://jade.io/article/298750
71,[2012]QCA124,http://archive.sclqld.org.au/qjudgment/2012/QCA12-124.pdf,https://jade.io/mnc/2012/qca/124,https://jade.io/article/265495
71,[2024]QCA238,https://archive.sclqld.org.au/qjudgment/2024/QCA24-238.pdf,https://jade.io/mnc/2024/qca/238,https://jade.io/article/1109080
71,[2024]QCA238,https://archive.sclqld.org.au/qjudgment/2024/QCA24-238.pdf,https://jade.io/mnc/2024/qca/238,https://jade.io/article/1109080
71,[2023]QCA89,https://archive.sclqld.org.au/qjudgment/2023/QCA23-089.pdf,https://jade.io/mnc/2023/qca/89,https://jade.io/article/998940
71,[2018]QCA30,https://archive.sclqld.org.au/qjudgment/2018/QCA18-030.pdf,https://jade.io/mnc/2018/qca/30,https://jade.io/article/573709
75,[2024]QCA238,https://archive.sclqld.org.au/qjudgment/2024/QCA24-238.pdf,https://jade.io/mnc/2024/qca/238,https://jade.io/article/1109080
75,[2024]QCA238,https://archive.sclqld.org.au/qjudgment/2024/QCA24-238.pdf,https://jade.io/mnc/2024/qca/238,https://jade.io/article/1109080
75,[2023]QCA89,https://archive.sclqld.org.au/qjudgment/2023/QCA23-089.pdf,https://jade.io/mnc/2023/qca/89,https://jade.io/article/998940
75,[2018]QCA30,https://archive.sclqld.org.au/qjudgment/2018/QCA18-030.pdf,https://jade.io/mnc/2018/qca/30,https://jade.io/article/573709
78,[2024]QCA238,https://archive.sclqld.org.au/qjudgment/2024/QCA24-238.pdf,https://jade.io/mnc/2024/qca/238,https://jade.io/article/1109080
78,[2024]QCA238,https://archive.sclqld.org.au/qjudgment/2024/QCA24-238.pdf,https://jade.io/mnc/2024/qca/238,https://jade.io/article/1109080
78,[2024]QCA238,https://archive.sclqld.org.au/qjudgment/2024/QCA24-238.pdf,https://jade.io/mnc/2024/qca/238,https://jade.io/article/1109080
78,[2024]QCA238,https://archive.sclqld.org.au/qjudgment/2024/QCA24-238.pdf,https://jade.io/mnc/2024/qca/238,https://jade.io/article/1109080
78,[2024]QCA238,https://archive.sclqld.org.au/qjudgment/2024/QCA24-238.pdf,https://jade.io/mnc/2024/qca/238,https://jade.io/article/1109080
82,[2013]QCA238,http://archive.sclqld.org.au/qjudgment/2013/QCA13-238.pdf,https://jade.io/mnc/2013/qca/238,https://jade.io/article/301033
82,[2013]QCA223,http://archive.sclqld.org.au/qjudgment/2013/QCA13-223.pdf,https://jade.io/mnc/2013/qca/223,https://jade.io/article/300535
85,[2009]QCA332,http://archive.sclqld.org.au/qjudgment/2009/QCA09-332.pdf,https://jade.io/mnc/2009/qca/332,https://jade.io/article/119246
85,[2009]QCA332,http://archive.sclqld.org.au/qjudgment/2009/QCA09-332.pdf,https://jade.io/mnc/2009/qca/332,https://jade.io/article/119246
86,[2013]QCA163,http://archive.sclqld.org.au/qjudgment/2013/QCA13-163.pdf,https://jade.io/mnc/2013/qca/163,https://jade.io/article/297185
96,[2018]QSC283,https://archive.sclqld.org.au/qjudgment/2018/QSC18-283.pdf,https://jade.io/mnc/2018/qsc/283,https://jade.io/article/622777
96,[2018]QSC283,https://archive.sclqld.org.au/qjudgment/2018/QSC18-283.pdf,https://jade.io/mnc/2018/qsc/283,https://jade.io/article/622777
96,[2014]QCA349,https://archive.sclqld.org.au/qjudgment/2014/QCA14-349.pdf,https://jade.io/mnc/2014/qca/349,https://jade.io/article/364210
97,[2007]HCA55,https://www.hcourt.gov.au/sites/default/files/eresources/2007/HCA/55.pdf,https://jade.io/mnc/2007/hca/55,https://jade.io/article/18380
100,[2021]HCA12,https://www.hcourt.gov.au/sites/default/files/eresources/2021/HCA/12.pdf,https://jade.io/mnc/2021/hca/12,https://jade.io/article/802223
112,[2007]HCA59,https://www.hcourt.gov.au/sites/default/files/eresources/2007/HCA/59.pdf,https://jade.io/mnc/2007/hca/59,https://jade.io/article/18712
112,[2007]HCA59,https://www.hcourt.gov.au/sites/default/files/eresources/2007/HCA/59.pdf,https://jade.io/mnc/2007/hca/59,https://jade.io/article/18712
119,[2010]QCA372,http://archive.sclqld.org.au/qjudgment/2010/QCA10-372.pdf,https://jade.io/mnc/2010/qca/372,https://jade.io/article/207346
119,[2000]HCA60,https://www.hcourt.gov.au/sites/default/files/eresources/2000/HCA/60.pdf,https://jade.io/mnc/2000/hca/60,https://jade.io/article/68230
119,[2024]QCA205,https://archive.sclqld.org.au/qjudgment/2024/QCA24-205.pdf,https://jade.io/mnc/2024/qca/205,https://jade.io/article/1105551
122,[2013]QCA91,http://archive.sclqld.org.au/qjudgment/2013/QCA13-091.pdf,https://jade.io/mnc/2013/qca/91,https://jade.io/article/293993
126,[2014]QCA5,http://archive.sclqld.org.au/qjudgment/2014/QCA14-005.pdf,https://jade.io/mnc/2014/qca/5,https://jade.io/article/313541
129,[2017]HCA36,https://www.hcourt.gov.au/sites/default/files/eresources/2017/HCA/36.pdf,https://jade.io/mnc/2017/hca/36,https://jade.io/article/547503
131,[2001]QCA183,http://archive.sclqld.org.au/qjudgment/2001/QCA01-183.pdf,https://jade.io/mnc/2001/qca/183,https://jade.io/article/167010
131,[2002]HCA20,https://www.hcourt.gov.au/sites/default/files/eresources/2002/HCA/20.pdf,https://jade.io/mnc/2002/hca/20,https://jade.io/article/68329
131,[2004]QCA99,http://archive.sclqld.org.au/qjudgment/2004/QCA04-099.pdf,https://jade.io/mnc/2004/qca/99,https://jade.io/article/168361
132,[2020]QCA37,https://archive.sclqld.org.au/qjudgment/2020/QCA20-037.pdf,https://jade.io/mnc/2020/qca/37,https://jade.io/article/717422
132,[2003]HCA29,https://www.hcourt.gov.au/sites/default/files/eresources/2003/HCA/29.pdf,https://jade.io/mnc/2003/hca/29,https://jade.io/article/68398
134,[2005]HCA65,https://www.hcourt.gov.au/sites/default/files/eresources/2005/HCA/65.pdf,https://jade.io/mnc/2005/hca/65,https://jade.io/article/340
134,[2005]HCA34,https://www.hcourt.gov.au/sites/default/files/eresources/2005/HCA/34.pdf,https://jade.io/mnc/2005/hca/34,https://jade.io/article/309
134,[2002]HCA26,https://www.hcourt.gov.au/sites/default/files/eresources/2002/HCA/26.pdf,https://jade.io/mnc/2002/hca/26,https://jade.io/article/68335
144,[2015]HCA27,https://www.hcourt.gov.au/sites/default/files/eresources/2015/HCA/27.pdf,https://jade.io/mnc/2015/hca/27,https://jade.io/article/402565
144,[2012]QCA167,http://archive.sclqld.org.au/qjudgment/2012/QCA12-167.pdf,https://jade.io/mnc/2012/qca/167,https://jade.io/article/267111
144,[2012]QCA167,http://archive.sclqld.org.au/qjudgment/2012/QCA12-167.pdf,https://jade.io/mnc/2012/qca/167,https://jade.io/article/267111
150,[1996]QCA405,http://archive.sclqld.org.au/qjudgment/1996/QCA96-405.pdf,https://jade.io/mnc/1996/qca/405,https://jade.io/article/165673
150,[1996]QCA405,http://archive.sclqld.org.au/qjudgment/1996/QCA96-405.pdf,https://jade.io/mnc/1996/qca/405,https://jade.io/article/165673
152,[2019]HCA48,https://www.hcourt.gov.au/sites/default/files/eresources/2019/HCA/48.pdf,https://jade.io/mnc/2019/hca/48,https://jade.io/article/694847
152,[2001]HCA25,https://www.hcourt.gov.au/sites/default/files/eresources/2001/HCA/25.pdf,https://jade.io/mnc/2001/hca/25,https://jade.io/article/68257
152,[2014]QCA132,http://archive.sclqld.org.au/qjudgment/2014/QCA14-132.pdf,https://jade.io/mnc/2014/qca/132,https://jade.io/article/336292
153,[2006]QCA158,http://archive.sclqld.org.au/qjudgment/2006/QCA06-158.pdf,https://jade.io/mnc/2006/qca/158,https://jade.io/article/169285
153,[2008]QCA412,http://archive.sclqld.org.au/qjudgment/2008/QCA08-412.pdf,https://jade.io/mnc/2008/qca/412,https://jade.io/article/88005
155,[2001]HCA25,https://www.hcourt.gov.au/sites/default/files/eresources/2001/HCA/25.pdf,https://jade.io/mnc/2001/hca/25,https://jade.io/article/68257
155,[2014]QCA132,http://archive.sclqld.org.au/qjudgment/2014/QCA14-132.pdf,https://jade.io/mnc/2014/qca/132,https://jade.io/article/336292
155,[2004]QCA419,http://archive.sclqld.org.au/qjudgment/2004/QCA04-419.pdf,https://jade.io/mnc/2004/qca/419,https://jade.io/article/168648
155,[2004]QCA393,http://archive.sclqld.org.au/qjudgment/2004/QCA04-393.pdf,https://jade.io/mnc/2004/qca/393,https://jade.io/article/168619
172,[2006]QCA220,http://archive.sclqld.org.au/qjudgment/2006/QCA06-220.pdf,https://jade.io/mnc/2006/qca/220,https://jade.io/article/169346
173,[2021]HCA36,https://www.hcourt.gov.au/sites/default/files/eresources/2021/HCA/36.pdf,https://jade.io/mnc/2021/hca/36,https://jade.io/article/847521
173,[2021]HCA36,https://www.hcourt.gov.au/sites/default/files/eresources/2021/HCA/36.pdf,https://jade.io/mnc/2021/hca/36,https://jade.io/article/847521
178,[2020]HCA23,https://www.hcourt.gov.au/sites/default/files/eresources/2020/HCA/23.pdf,https://jade.io/mnc/2020/hca/23,https://jade.io/article/754178
180,[1999]HCA42,https://www.hcourt.gov.au/sites/default/files/eresources/2025-10-30/HCA/Robinson%20v%20The%20Queen%20%28B59-1998%29%20%5B1999%5D%20HCA%2042.pdf,https://jade.io/mnc/1999/hca/42,https://jade.io/article/68143
183,[1994]QCA476,http://archive.sclqld.org.au/qjudgment/1994/QCA94-476.pdf,https://jade.io/mnc/1994/qca/476,https://jade.io/article/205998
186,[2007]QCA383,http://archive.sclqld.org.au/qjudgment/2007/QCA07-383.pdf,https://jade.io/mnc/2007/qca/383,https://jade.io/article/17123
188,[2016]HCA35,https://www.hcourt.gov.au/sites/default/files/eresources/2016/HCA/35.pdf,https://jade.io/mnc/2016/hca/35,https://jade.io/article/489654
188,[2016]HCA35,https://www.hcourt.gov.au/sites/default/files/eresources/2016/HCA/35.pdf,https://jade.io/mnc/2016/hca/35,https://jade.io/article/489654
188,[2016]HCA35,https://www.hcourt.gov.au/sites/default/files/eresources/2016/HCA/35.pdf,https://jade.io/mnc/2016/hca/35,https://jade.io/article/489654
188,[2007]QCA66,http://archive.sclqld.org.au/qjudgment/2007/QCA07-066.pdf,https://jade.io/mnc/2007/qca/66,https://jade.io/article/57118
188,[2015]QCA167,http://archive.sclqld.org.au/qjudgment/2015/QCA15-167.pdf,https://jade.io/mnc/2015/qca/167,https://jade.io/article/407749
188,[2016]QCA27,http://archive.sclqld.org.au/qjudgment/2016/QCA16-027.pdf,https://jade.io/mnc/2016/qca/27,https://jade.io/article/447273
189,[1998]HCA21,https://www.hcourt.gov.au/sites/default/files/eresources/2025-10-23/HCA/Gipp%20v%20The%20Queen%20%28B4-1998%29%20%5B1998%5D%20HCA%2021.pdf,https://jade.io/mnc/1998/hca/21,https://jade.io/article/68042
189,[1998]HCA51,https://www.hcourt.gov.au/sites/default/files/eresources/2025-10-23/HCA/Penney%20v%20The%20Queen%20%28A66-1997%29%20%5B1998%5D%20HCA%2051.pdf,https://jade.io/mnc/1998/hca/51,https://jade.io/article/68075
194,[1999]QCA270,https://archive.sclqld.org.au/qjudgment/1999/QCA99-270.pdf,https://jade.io/mnc/1999/qca/270,https://jade.io/article/545037
197,[2010]QCA342,http://archive.sclqld.org.au/qjudgment/2010/QCA10-342.pdf,https://jade.io/mnc/2010/qca/342,https://jade.io/article/207376
197,[2011]QCA386,http://archive.sclqld.org.au/qjudgment/2011/QCA11-386.pdf,https://jade.io/mnc/2011/qca/386,https://jade.io/article/259582
197,[2000]HCA28,https://www.hcourt.gov.au/sites/default/files/eresources/2000/HCA/28.pdf,https://jade.io/mnc/2000/hca/28,https://jade.io/article/68195
197,[2000]HCA28,https://www.hcourt.gov.au/sites/default/files/eresources/2000/HCA/28.pdf,https://jade.io/mnc/2000/hca/28,https://jade.io/article/68195
197,[2003]HCA40,https://www.hcourt.gov.au/sites/default/files/eresources/2003/HCA/40.pdf,https://jade.io/mnc/2003/hca/40,https://jade.io/article/68411
197,[2010]QCA150,http://archive.sclqld.org.au/qjudgment/2010/QCA10-150.pdf,https://jade.io/mnc/2010/qca/150,https://jade.io/article/181805
197,[2011]QCA343,http://archive.sclqld.org.au/qjudgment/2011/QCA11-343.pdf,https://jade.io/mnc/2011/qca/343,https://jade.io/article/258305
197,[2019]HCA10,https://www.hcourt.gov.au/sites/default/files/eresources/2019/HCA/10.pdf,https://jade.io/mnc/2019/hca/10,https://jade.io/article/638270
200,[2010]QCA244,http://archive.sclqld.org.au/qjudgment/2010/QCA10-244.pdf,https://jade.io/mnc/2010/qca/244,https://jade.io/article/207326
200,[2010]QCA342,http://archive.sclqld.org.au/qjudgment/2010/QCA10-342.pdf,https://jade.io/mnc/2010/qca/342,https://jade.io/article/207376
200,[2001]QCA309,http://archive.sclqld.org.au/qjudgment/2001/QCA01-309.pdf,https://jade.io/mnc/2001/qca/309,https://jade.io/article/167137
200,[2011]QCA175,http://archive.sclqld.org.au/qjudgment/2011/QCA11-175.pdf,https://jade.io/mnc/2011/qca/175,https://jade.io/article/246741
200,[2024]QCA152,https://anzlaw.thomsonreuters.com/Document/Ic8896d50642211efb6d78c1fa0b6d9c8/View/FullText.html?transitionType=Default&contextData=(sc.Default)&VR=3.0&RS=cblt1.0,https://jade.io/mnc/2024/qca/152,https://jade.io/article/1087633
200,[2010]QCA150,http://archive.sclqld.org.au/qjudgment/2010/QCA10-150.pdf,https://jade.io/mnc/2010/qca/150,https://jade.io/article/181805
201,[2001]QCA272,http://archive.sclqld.org.au/qjudgment/2001/QCA01-272.pdf,https://jade.io/mnc/2001/qca/272,https://jade.io/article/167107
201,[2001]QCA193,http://archive.sclqld.org.au/qjudgment/2001/QCA01-193.pdf,https://jade.io/mnc/2001/qca/193,https://jade.io/article/167022
201,[2007]QCA267,http://archive.sclqld.org.au/qjudgment/2007/QCA07-267.pdf,https://jade.io/mnc/2007/qca/267,https://jade.io/article/15502
204,[1999]HCA32,https://www.hcourt.gov.au/sites/default/files/eresources/2025-10-30/HCA/Melbourne%20v%20The%20Queen%20%28D10-1998%29%20%5B1999%5D%20HCA%2032.pdf,https://jade.io/mnc/1999/hca/32,https://jade.io/article/68132
204,[2001]QCA390,http://archive.sclqld.org.au/qjudgment/2001/QCA01-390.pdf,https://jade.io/mnc/2001/qca/390,https://jade.io/article/167216
204,[2008]QCA145,http://archive.sclqld.org.au/qjudgment/2008/QCA08-145.pdf,https://jade.io/mnc/2008/qca/145,https://jade.io/article/78675
204,[2006]QCA244,http://archive.sclqld.org.au/qjudgment/2006/QCA06-244.pdf,https://jade.io/mnc/2006/qca/244,https://jade.io/article/169361
206,[1997]SASC6127,https://www.austlii.edu.au/cgi-bin/viewdoc/au/cases/sa/SASC/1997/6127.html?context=1;query=R%20v%20Sinclair;mask_path=au/cases/sa/SASC+au/cases/sa/SASCA+au/cases/sa/SASCFC+au/cases/sa/SACorC+au/cases/sa/SADC+au/cases/sa/SAERDC+au/cases/sa/SAET+au/cases/sa/SALC+au/cases/sa/SAPelhamRp+au/cases/sa/SAIRC+au/cases/sa/SAIndRp+au/cases/sa/SALawRp+au/cases/sa/SAStRp+au/cases/sa/SAWC+au/cases/sa/SACAT+au/cases/sa/SACHOSB+au/cases/sa/SACHOSBCP+au/cases/sa/SADB+au/cases/sa/SAEOT+au/cases/sa/SAHPT+au/cases/sa/SALGCmr+au/cases/sa/SAMB+au/cases/sa/SAPHB+au/cases/sa/SAPDB+au/cases/sa/SAIRComm+au/cases/sa/SADPCT+au/cases/sa/SAOmbFOI+au/cases/sa/SAPSB+au/cases/sa/SAPSBCP+au/cases/sa/SARTT+au/cases/sa/SARTTRP+au/cases/sa/SARTWPR+au/cases/sa/SARTWPRP+au/cases/sa/SAWLRP+au/cases/sa/SAWPRP+au/cases/sa/SAWCAT+au/cases/sa/SAWCT+au/cases/sa/SAWCRP,https://jade.io/mnc/1997/sasc/6127,https://jade.io/article/175071
207,[2000]QCA211,http://archive.sclqld.org.au/qjudgment/2000/QCA00-211.pdf,https://jade.io/mnc/2000/qca/211,https://jade.io/article/166634
212,[1998]HCA2,https://www.hcourt.gov.au/sites/default/files/eresources/2025-10-16/HCA/Palmer%20v%20R%20%28M41-1997%29%20%5B1998%5D%20HCA%202.pdf,https://jade.io/mnc/1998/hca/2,https://jade.io/article/68040
212,[2016]QCA44,http://archive.sclqld.org.au/qjudgment/2016/QCA16-044.pdf,https://jade.io/mnc/2016/qca/44,https://jade.io/article/448468
213,[1998]HCA2,https://www.hcourt.gov.au/sites/default/files/eresources/2025-10-16/HCA/Palmer%20v%20R%20%28M41-1997%29%20%5B1998%5D%20HCA%202.pdf,https://jade.io/mnc/1998/hca/2,https://jade.io/article/68040
215,[2024]QCA120,https://archive.sclqld.org.au/qjudgment/2024/QCA24-120.pdf,https://jade.io/mnc/2024/qca/120,https://jade.io/article/1079832
219,[2014]QCA246,https://archive.sclqld.org.au/qjudgment/2014/QCA14-246.pdf,https://jade.io/mnc/2014/qca/246,https://jade.io/article/348033
220,[2000]QCA244,https://archive.sclqld.org.au/qjudgment/2000/QCA00-244.pdf,https://jade.io/mnc/2000/qca/244,https://jade.io/article/166653
220,[2012]QCA213,https://archive.sclqld.org.au/qjudgment/2012/QCA12-213.pdf,https://jade.io/mnc/2012/qca/213,https://jade.io/article/270273
220,[2012]QCA213,https://archive.sclqld.org.au/qjudgment/2012/QCA12-213.pdf,https://jade.io/mnc/2012/qca/213,https://jade.io/article/270273
220,[2018]HCA40,https://www.hcourt.gov.au/sites/default/files/eresources/2018/HCA/40.pdf,https://jade.io/mnc/2018/hca/40,https://jade.io/article/609938
220,[2024]HCA15,https://www.hcourt.gov.au/sites/default/files/eresources/2024/HCA/15.pdf,https://jade.io/mnc/2024/hca/15,https://jade.io/article/1071422
223,[2016]QCA71,http://archive.sclqld.org.au/qjudgment/2016/QCA16-071.pdf,https://jade.io/mnc/2016/qca/71,https://jade.io/article/459772
223,[2016]QCA248,http://archive.sclqld.org.au/qjudgment/2016/QCA16-248.pdf,https://jade.io/mnc/2016/qca/248,https://jade.io/article/496178
225,[2002]HCA33,https://www.hcourt.gov.au/sites/default/files/eresources/2002/HCA/33.pdf,https://jade.io/mnc/2002/hca/33,https://jade.io/article/68343
225,[2002]HCA33,https://www.hcourt.gov.au/sites/default/files/eresources/2002/HCA/33.pdf,https://jade.io/mnc/2002/hca/33,https://jade.io/article/68343
225,[2016]QCA302,http://archive.sclqld.org.au/qjudgment/2016/QCA16-302.pdf,https://jade.io/mnc/2016/qca/302,https://jade.io/article/505507
225,[2002]HCA33,https://www.hcourt.gov.au/sites/default/files/eresources/2002/HCA/33.pdf,https://jade.io/mnc/2002/hca/33,https://jade.io/article/68343
225,[2016]QCA302,http://archive.sclqld.org.au/qjudgment/2016/QCA16-302.pdf,https://jade.io/mnc/2016/qca/302,https://jade.io/article/505507
229,[1992]HCA13,https://www.austlii.edu.au/cgi-bin/viewdoc/au/cases/cth/HCA/1992/13.html,https://jade.io/mnc/1992/hca/13,https://jade.io/article/67672
229,[1997]QCA441,http://archive.sclqld.org.au/qjudgment/1997/QCA97-441.pdf,https://jade.io/mnc/1997/qca/441,https://jade.io/article/206694
230,[1999]QCA105,http://archive.sclqld.org.au/qjudgment/1999/QCA99-105.pdf,https://jade.io/mnc/1999/qca/105,https://jade.io/article/166285
230,[1999]QCA105,http://archive.sclqld.org.au/qjudgment/1999/QCA99-105.pdf,https://jade.io/mnc/1999/qca/105,https://jade.io/article/166285
231,[1999]QCA105,http://archive.sclqld.org.au/qjudgment/1999/QCA99-105.pdf,https://jade.io/mnc/1999/qca/105,https://jade.io/article/166285
231,[1992]HCA13,https://www.austlii.edu.au/cgi-bin/viewdoc/au/cases/cth/HCA/1992/13.html,https://jade.io/mnc/1992/hca/13,https://jade.io/article/67672
232,[2000]QSC273,https://anzlaw.thomsonreuters.com/Link/Document/FullText?findType=Y&serNum=1981172709&pubNum=3586&originatingDoc=I62b4467087a711e8aca5bab3c9b3f468&refType=TG&originationContext=document&transitionType=DocumentItem&ppcid=3330ee783afa40b282a2af2e018cf321&contextData=(sc.Default)&comp=wlau,https://jade.io/mnc/2000/qsc/273,https://jade.io/article/172213
232,[1997]QCA483,http://archive.sclqld.org.au/qjudgment/1997/QCA97-483.pdf,https://jade.io/mnc/1997/qca/483,https://jade.io/article/206659
232,[2014]QCA164,http://archive.sclqld.org.au/qjudgment/2014/QCA14-164.pdf,https://jade.io/mnc/2014/qca/164,https://jade.io/article/338954
234,[2010]QCA36,http://archive.sclqld.org.au/qjudgment/2010/QCA10-036.pdf,https://jade.io/mnc/2010/qca/36,https://jade.io/article/127274
234,[1992]HCA13,http://www.austlii.edu.au/cgi-bin/viewdoc/au/cases/cth/HCA/1992/13.html,https://jade.io/mnc/1992/hca/13,https://jade.io/article/67672
234,[2012]QCA80,http://archive.sclqld.org.au/qjudgment/2012/QCA12-080.pdf,https://jade.io/mnc/2012/qca/80,https://jade.io/article/263240
246,[1999]HCA42,https://www.hcourt.gov.au/sites/default/files/eresources/2025-10-30/HCA/Robinson%20v%20The%20Queen%20%28B59-1998%29%20%5B1999%5D%20HCA%2042.pdf,https://jade.io/mnc/1999/hca/42,https://jade.io/article/68143
250,[2014]QCA299,http://archive.sclqld.org.au/qjudgment/2014/QCA14-299.pdf,https://jade.io/mnc/2014/qca/299,https://jade.io/article/352146
253,[2006]HCA4,https://www.hcourt.gov.au/sites/default/files/eresources/2006/HCA/4.pdf,https://jade.io/mnc/2006/hca/4,https://jade.io/article/390
258,[2025]QCA152,https://archive.sclqld.org.au/qjudgment/2025/QCA25-152.pdf,https://jade.io/mnc/2025/qca/152,https://jade.io/article/1147545
258,[2025]QCA111,https://archive.sclqld.org.au/qjudgment/2025/QCA25-111.pdf,https://jade.io/mnc/2025/qca/111,https://jade.io/article/1140209
259,[2025]QCA186,https://archive.sclqld.org.au/qjudgment/2025/QCA25-186.pdf,https://jade.io/mnc/2025/qca/186,https://jade.io/article/1156876
259,[2025]QCA186,https://archive.sclqld.org.au/qjudgment/2025/QCA25-186.pdf,https://jade.io/mnc/2025/qca/186,https://jade.io/article/1156876
260,[2004]QCA481,http://archive.sclqld.org.au/qjudgment/2004/QCA04-481.pdf,https://jade.io/mnc/2004/qca/481,https://jade.io/article/168707
260,[2004]QCA481,http://archive.sclqld.org.au/qjudgment/2004/QCA04-481.pdf,https://jade.io/mnc/2004/qca/481,https://jade.io/article/168707
263,[2014]QCA289,http://archive.sclqld.org.au/qjudgment/2014/QCA14-289.pdf,https://jade.io/mnc/2014/qca/289,https://jade.io/article/351950
263,[2020]QCA57,https://archive.sclqld.org.au/qjudgment/2020/QCA20-057.pdf,https://jade.io/mnc/2020/qca/57,https://jade.io/article/724033
270,[2024]QCA238,https://plus.lexis.com/apac/document/documentlink/?pdmfid=1539278&crid=e776bbd4-9c35-4076-ae16-a3b5d5de0b93&pddocfullpath=%2Fshared%2Fdocument%2Fcases-au%2Furn:contentItem:6DH5-CWP3-MC8F-H0D4-00000-00&pdcontentcomponentid=267708&pdproductcontenttypeid=urn:pct:170&pdiskwicview=false&pdpinpoint=&prid=035b2acd-32ed-48ba-8c9a-dda43acb1f52&ecomp=7g_ck,https://jade.io/mnc/2024/qca/238,https://jade.io/article/1109080
270,[2023]QCA78,https://plus.lexis.com/apac/document/documentlink/?pdmfid=1539278&crid=1a1483c6-e19f-4a16-a678-a363645bf34c&pddocfullpath=%2Fshared%2Fdocument%2Fcases-au%2Furn:contentItem:683K-BM51-K0BB-S3B5-00000-00&pdcontentcomponentid=267708&pdproductcontenttypeid=urn:pct:170&pdiskwicview=false&pdpinpoint=&prid=c8f70373-9fba-4380-8463-e3671f91a333&ecomp=7g_ck,https://jade.io/mnc/2023/qca/78,https://jade.io/article/980859
271,[2003]QCA435,https://advance-lexis-com.ezproxy-az.sclqld.org.au/document/?pdmfid=1201008&crid=c50bb7ff-acb2-4654-958a-63d7fec84c23&pddocfullpath=%2Fshared%2Fdocument%2Fcases-au%2Furn%3AcontentItem%3A5PB3-H441-FFFC-B09G-00000-00&pdcontentcomponentid=267708&pdshepid=urn%3AcontentItem%3A5PB3-H441-FFFC-B09G-00000-00&pdteaserkey=sr0&pdicsfeatureid=1517127&pditab=allpods&ecomp=hwtpk&earg=sr0&prid=7a737290-5d59-41c4-a16b-618471f9cbbe,https://jade.io/mnc/2003/qca/435,https://jade.io/article/207164
271,[2017]QCA11,https://archive.sclqld.org.au/qjudgment/2017/QCA17-011.pdf,https://jade.io/mnc/2017/qca/11,https://jade.io/article/520598
272,[2012]QCA156,https://archive.sclqld.org.au/qjudgment/2012/QCA12-156.pdf,https://jade.io/mnc/2012/qca/156,https://jade.io/article/266693
272,[2022]QCA108,https://advance-lexis-com.ezproxy-az.sclqld.org.au/document/documentlink/?pdmfid=1201008&crid=1d30bcdb-1ba8-44c3-a48d-9a6504faf7e7&pddocfullpath=%2Fshared%2Fdocument%2Fcases-au%2Furn%3AcontentItem%3A65PS-2CC1-F4GK-M1FS-00000-00&pdcontentcomponentid=267708&pddoctitle=%5B2022%5D+QCA+108&pdproductcontenttypeid=urn%3Apct%3A170&pdiskwicview=false&ecomp=g2z2k&prid=4ebd1e4a-1e67-43e8-a783-1d707b2fe1e8,https://jade.io/mnc/2022/qca/108,https://jade.io/article/934435
276,[2008]HCA16,https://www.hcourt.gov.au/sites/default/files/eresources/2008/HCA/16.pdf,https://jade.io/mnc/2008/hca/16,https://jade.io/article/69412
276,[2008]HCA16,https://www.hcourt.gov.au/sites/default/files/eresources/2008/HCA/16.pdf,https://jade.io/mnc/2008/hca/16,https://jade.io/article/69412
276,[2016]HCA14,https://www.hcourt.gov.au/sites/default/files/eresources/2016/HCA/14.pdf,https://jade.io/mnc/2016/hca/14,https://jade.io/article/461692
276,[2017]HCA20,https://www.hcourt.gov.au/sites/default/files/eresources/2017/HCA/20.pdf,https://jade.io/mnc/2017/hca/20,https://jade.io/article/533430
277,[2018]HCA40,https://www.hcourt.gov.au/sites/default/files/eresources/2018/HCA/40.pdf,https://jade.io/mnc/2018/hca/40,https://jade.io/article/609938
277,[2008]HCA16,https://www.hcourt.gov.au/sites/default/files/eresources/2008/HCA/16.pdf,https://jade.io/mnc/2008/hca/16,https://jade.io/article/69412
277,[2008]HCA16,https://www.hcourt.gov.au/sites/default/files/eresources/2008/HCA/16.pdf,https://jade.io/mnc/2008/hca/16,https://jade.io/article/69412
277,[2008]HCA16,https://www.hcourt.gov.au/sites/default/files/eresources/2008/HCA/16.pdf,https://jade.io/mnc/2008/hca/16,https://jade.io/article/69412
278,[2008]HCA16,https://www.hcourt.gov.au/sites/default/files/eresources/2008/HCA/16.pdf,https://jade.io/mnc/2008/hca/16,https://jade.io/article/69412
278,[2011]HCA12,https://www.hcourt.gov.au/sites/default/files/eresources/2011/HCA/12.pdf,https://jade.io/mnc/2011/hca/12,https://jade.io/article/216441
278,[2011]HCA12,https://www.hcourt.gov.au/sites/default/files/eresources/2011/HCA/12.pdf,https://jade.io/mnc/2011/hca/12,https://jade.io/article/216441
287,[2020]QCA38,https://archive.sclqld.org.au/qjudgment/2020/QCA20-038.pdf,https://jade.io/mnc/2020/qca/38,https://jade.io/article/718091
287,[2016]HCA12,https://www.hcourt.gov.au/sites/default/files/eresources/2016/HCA/12.pdf,https://jade.io/mnc/2016/hca/12,https://jade.io/article/460468
287,[2016]HCA12,https://www.hcourt.gov.au/sites/default/files/eresources/2016/HCA/12.pdf,https://jade.io/mnc/2016/hca/12,https://jade.io/article/460468
287,[2016]HCA12,https://www.hcourt.gov.au/sites/default/files/eresources/2016/HCA/12.pdf,https://jade.io/mnc/2016/hca/12,https://jade.io/article/460468
298,[2021]QCA15,https://jvl.sclqld.org.au/caselaw/QCA/2021/15,https://jade.io/mnc/2021/qca/15,https://jade.io/article/785498
299,[2020]HCA20,https://anzlaw.thomsonreuters.com/Document/I8669f472a2e611eab1cbf180a7ce9b34/View/FullText.html?transitionType=Default&contextData=(sc.Default)&VR=3.0&RS=cblt1.0,https://jade.io/mnc/2020/hca/20,https://jade.io/article/736792
299,[2022]HCA24,https://anzlaw.thomsonreuters.com/Document/I78192fc0184511ed81c5f735b8cf580f/View/FullText.html?transitionType=Default&contextData=(sc.Default)&VR=3.0&RS=cblt1.0,https://jade.io/mnc/2022/hca/24,https://jade.io/article/940630
299,[2001]QCA105,https://anzlaw.thomsonreuters.com/Document/If32f523088ab11e8aca5bab3c9b3f468/View/FullText.html?transitionType=Default&contextData=(sc.Default)&VR=3.0&RS=cblt1.0,https://jade.io/mnc/2001/qca/105,https://jade.io/article/166959
300,[1997]QCA460,http://archive.sclqld.org.au/qjudgment/1997/QCA97-460.pdf,https://jade.io/mnc/1997/qca/460,https://jade.io/article/206679
300,[2007]QCA161,http://archive.sclqld.org.au/qjudgment/2007/QCA07-161.pdf,https://jade.io/mnc/2007/qca/161,https://jade.io/article/57038
300,[2000]QCA405,https://anzlaw.thomsonreuters.com/Document/I4993857088ab11e8aca5bab3c9b3f468/View/FullText.html?transitionType=Default&contextData=(sc.Default)&VR=3.0&RS=cblt1.0,https://jade.io/mnc/2000/qca/405,https://jade.io/article/206991
300,[1997]QCA452,https://anzlaw.thomsonreuters.com/Document/I63a2bbe088a911e8aca5bab3c9b3f468/View/FullText.html?transitionType=Default&contextData=(sc.Default)&VR=3.0&RS=cblt1.0,https://jade.io/mnc/1997/qca/452,https://jade.io/article/206684
300,[2001]QCA105,http://archive.sclqld.org.au/qjudgment/2001/QCA01-105.pdf,https://jade.io/mnc/2001/qca/105,https://jade.io/article/166959
300,[2001]QCA105,http://archive.sclqld.org.au/qjudgment/2001/QCA01-105.pdf,https://jade.io/mnc/2001/qca/105,https://jade.io/article/166959
300,[1997]QCA452,http://archive.sclqld.org.au/qjudgment/1997/QCA97-452.pdf,https://jade.io/mnc/1997/qca/452,https://jade.io/article/206684
300,[2012]QCA82,http://archive.sclqld.org.au/qjudgment/2012/QCA12-082.pdf,https://jade.io/mnc/2012/qca/82,https://jade.io/article/263276
300,[2000]QCA347,http://archive.sclqld.org.au/qjudgment/2000/QCA00-347.pdf,https://jade.io/mnc/2000/qca/347,https://jade.io/article/209119
300,[1998]QCA64,http://archive.sclqld.org.au/qjudgment/1998/QCA98-064.pdf,https://jade.io/mnc/1998/qca/64,https://jade.io/article/166035
300,[1998]QCA64,http://archive.sclqld.org.au/qjudgment/1998/QCA98-064.pdf,https://jade.io/mnc/1998/qca/64,https://jade.io/article/166035
300,[2016]QCA144,http://archive.sclqld.org.au/qjudgment/2016/QCA16-144.pdf,https://jade.io/mnc/2016/qca/144,https://jade.io/article/479646
301,[2012]QCA104,http://archive.sclqld.org.au/qjudgment/2012/QCA12-104.pdf,https://jade.io/mnc/2012/qca/104,https://jade.io/article/263792
301,[2024]QCA212,https://plus.lexis.com/apac/document/documentlink/?pdmfid=1539278&crid=9b39c9d7-b689-41a1-b526-e38069dcd633&pddocfullpath=%2Fshared%2Fdocument%2Fcases-au%2Furn:contentItem:6DC9-W583-MHD8-S2F6-00000-00&pdcontentcomponentid=267708&pdproductcontenttypeid=urn:pct:170&pdiskwicview=false&pdpinpoint=&prid=3f976b77-4510-485f-b665-2e2088294fe0&ecomp=cg_ck,https://jade.io/mnc/2024/qca/212,https://jade.io/article/1106341
301,[1998]QCA188,http://archive.sclqld.org.au/qjudgment/1998/QCA98-188.pdf,https://jade.io/mnc/1998/qca/188,https://jade.io/article/166102
301,[2024]QCA134,"https://plus.lexis.com/apac/search/?pdmfid=1539278&crid=4a8e37df-0efb-483a-9cd2-ac1664037e6a&pdsearchterms=%5B2024%5D%20qca%20134&pdtypeofsearch=searchboxclick&pdsearchtype=SearchBox&pdstartin=&pdpsf=&pdqttype=and&pdquerytemplateid=&pdsf=MTA3MjUyNQ~{}%5Ecases-au,cases-nz~{}%5ECaseBase%2520Cases&ecomp=6t7kk&earg=pdsf&prid=4dc42e62-60f2-4625-a6cd-2eedb91e0c4b",https://jade.io/mnc/2024/qca/134,https://jade.io/article/1084644
302,[2000]QCA393,http://archive.sclqld.org.au/qjudgment/2000/QCA00-393.pdf,https://jade.io/mnc/2000/qca/393,https://jade.io/article/206953
302,[2000]QCA393,http://archive.sclqld.org.au/qjudgment/2000/QCA00-393.pdf,https://jade.io/mnc/2000/qca/393,https://jade.io/article/206953
302,[2004]QCA18,http://archive.sclqld.org.au/qjudgment/2004/QCA04-018.pdf,https://jade.io/mnc/2004/qca/18,https://jade.io/article/168288
303,[1998]QCA188,http://archive.sclqld.org.au/qjudgment/1998/QCA98-188.pdf,https://jade.io/mnc/1998/qca/188,https://jade.io/article/166102
303,[1998]QCA188,http://archive.sclqld.org.au/qjudgment/1998/QCA98-188.pdf,https://jade.io/mnc/1998/qca/188,https://jade.io/article/166102
305,[2012]QCA111,http://archive.sclqld.org.au/qjudgment/2012/QCA12-111.pdf,https://jade.io/mnc/2012/qca/111,https://jade.io/article/263881
305,[2012]QCA111,http://archive.sclqld.org.au/qjudgment/2012/QCA12-111.pdf,https://jade.io/mnc/2012/qca/111,https://jade.io/article/263881
321,[2016]HCA12,https://www.hcourt.gov.au/sites/default/files/eresources/2016/HCA/12.pdf,https://jade.io/mnc/2016/hca/12,https://jade.io/article/460468
321,[2002]QCA442,http://archive.sclqld.org.au/qjudgment/2002/QCA02-442.pdf,https://jade.io/mnc/2002/qca/442,https://jade.io/article/167782
322,[2002]HCA33,https://www.hcourt.gov.au/sites/default/files/eresources/2002/HCA/33.pdf,https://jade.io/mnc/2002/hca/33,https://jade.io/article/68343
352,[2020]HCA11,https://www.hcourt.gov.au/sites/default/files/eresources/2020/HCA/11.pdf,https://jade.io/mnc/2020/hca/11,https://jade.io/article/722112
353,[2016]HCA12,https://www.hcourt.gov.au/sites/default/files/eresources/2016/HCA/12.pdf,https://jade.io/mnc/2016/hca/12,https://jade.io/article/460468
353,[2016]HCA12,https://www.hcourt.gov.au/sites/default/files/eresources/2016/HCA/12.pdf,https://jade.io/mnc/2016/hca/12,https://jade.io/article/460468
363,[2020]HCA11,https://eresources.hcourt.gov.au/showCase/2020/HCA/11,https://jade.io/mnc/2020/hca/11,https://jade.io/article/722112
376,[2020]HCA11,https://eresources.hcourt.gov.au/showCase/2020/HCA/11,https://jade.io/mnc/2020/hca/11,https://jade.io/article/722112
376,[2020]HCA11,https://eresources.hcourt.gov.au/showCase/2020/HCA/11,https://jade.io/mnc/2020/hca/11,https://jade.io/article/722112
390,[2020]HCA11,https://www.hcourt.gov.au/sites/default/files/eresources/2020/HCA/11.pdf,https://jade.io/mnc/2020/hca/11,https://jade.io/article/722112
410,[2003]QCA70,https://archive.sclqld.org.au/qjudgment/2003/QCA03-070.pdf,https://jade.io/mnc/2003/qca/70,https://jade.io/article/167946
410,[2016]QCA144,https://archive.sclqld.org.au/qjudgment/2016/QCA16-144.pdf,https://jade.io/mnc/2016/qca/144,https://jade.io/article/479646
410,[2002]QCA206,https://archive.sclqld.org.au/qjudgment/2002/QCA02-206.pdf,https://jade.io/mnc/2002/qca/206,https://jade.io/article/167544
410,[2001]QCA105,https://archive.sclqld.org.au/qjudgment/2001/QCA01-105.pdf,https://jade.io/mnc/2001/qca/105,https://jade.io/article/166959
410,[2002]QCA206,https://archive.sclqld.org.au/qjudgment/2002/QCA02-206.pdf,https://jade.io/mnc/2002/qca/206,https://jade.io/article/167544
410,[2020]QCA135,https://archive.sclqld.org.au/qjudgment/2020/QCA20-135.pdf,https://jade.io/mnc/2020/qca/135,https://jade.io/article/753297
415,[2012]QCA265,https://archive.sclqld.org.au/qjudgment/2012/QCA12-265.pdf,https://jade.io/mnc/2012/qca/265,https://jade.io/article/277517
416,[1997]QCA355,https://archive.sclqld.org.au/qjudgment/1997/QCA97-355.pdf,https://jade.io/mnc/1997/qca/355,https://jade.io/article/165929
419,[2016]HCA12,https://eresources.hcourt.gov.au/downloadPdf/2016/HCA/12,https://jade.io/mnc/2016/hca/12,https://jade.io/article/460468
425,[1962]HCA23,https://eresources.hcourt.gov.au/showbyHandle/1/9350,https://jade.io/mnc/1962/hca/23,https://jade.io/article/65623
429,[2016]HCA12,https://eresources.hcourt.gov.au/downloadPdf/2016/HCA/12,https://jade.io/mnc/2016/hca/12,https://jade.io/article/460468
449,[2002]QCA357,https://www.sclqld.org.au/caselaw/48219,https://jade.io/mnc/2002/qca/357,https://jade.io/article/167697
464,[2012]QCA330,http://archive.sclqld.org.au/qjudgment/2012/QCA12-330.pdf,https://jade.io/mnc/2012/qca/330,https://jade.io/article/287218
465,[2011]QCA114,http://archive.sclqld.org.au/qjudgment/2011/QCA11-114.pdf,https://jade.io/mnc/2011/qca/114,https://jade.io/article/218193
465,[2003]QCA567,http://archive.sclqld.org.au/qjudgment/2003/QCA03-567.pdf,https://jade.io/mnc/2003/qca/567,https://jade.io/article/168245
465,[2016]QCA123,http://archive.sclqld.org.au/qjudgment/2016/QCA16-123.pdf,https://jade.io/mnc/2016/qca/123,https://jade.io/article/463943
465,[2016]QCA123,http://archive.sclqld.org.au/qjudgment/2016/QCA16-123.pdf,https://jade.io/mnc/2016/qca/123,https://jade.io/article/463943
484,[2005]QCA97,http://archive.sclqld.org.au/qjudgment/2005/QCA05-097.pdf,https://jade.io/mnc/2005/qca/97,https://jade.io/article/168814
484,[2011]QCA19,http://archive.sclqld.org.au/qjudgment/2011/QCA11-019.pdf,https://jade.io/mnc/2011/qca/19,https://jade.io/article/209938
485,[2013]QCA254,http://archive.sclqld.org.au/qjudgment/2013/QCA13-254.pdf,https://jade.io/mnc/2013/qca/254,https://jade.io/article/301973
485,[2020]QCA192,https://archive.sclqld.org.au/qjudgment/2020/QCA20-192.pdf,https://jade.io/mnc/2020/qca/192,https://jade.io/article/764406
488,[2018]QCA125,https://advance-lexis-com.ezproxy-az.sclqld.org.au/document/onecase/?pdmfid=1201008&crid=fc9ac081-030d-428f-a18f-09184595b47d&pddocfullpath=%2Fshared%2Fdocument%2Fcases-au%2Furn%3AcontentItem%3A5SM9-G441-F1WF-M2G8-00000-00&pdcontentcomponentid=267708&pdteaserkey=cr2&pdicsfeatureid=1517127&pditab=allpods&ecomp=hctpk&earg=cr2&prid=3b8415b2-7479-4be0-a425-f59030f2e5b6,https://jade.io/mnc/2018/qca/125,https://jade.io/article/592896
514,[1998]QCA333,https://archive.sclqld.org.au/qjudgment/1998/QCA98-333.pdf,https://jade.io/mnc/1998/qca/333,https://jade.io/article/166166
530,[2002]QCA206,https://archive.sclqld.org.au/qjudgment/2002/QCA02-206.pdf,https://jade.io/mnc/2002/qca/206,https://jade.io/article/167544
531,[2007]QCA210,http://archive.sclqld.org.au/qjudgment/2007/QCA07-210.pdf,https://jade.io/mnc/2007/qca/210,https://jade.io/article/14805
532,[2013]QCA223,https://archive.sclqld.org.au/qjudgment/2013/QCA13-223.pdf,https://jade.io/mnc/2013/qca/223,https://jade.io/article/300535
563,[2002]QCA206,https://archive.sclqld.org.au/qjudgment/2002/QCA02-206.pdf,https://jade.io/mnc/2002/qca/206,https://jade.io/article/167544
589,[2012]QCA337,http://archive.sclqld.org.au/qjudgment/2012/QCA12-337.pdf,https://jade.io/mnc/2012/qca/337,https://jade.io/article/287225
589,[2012]QCA337,http://archive.sclqld.org.au/qjudgment/2012/QCA12-337.pdf,https://jade.io/mnc/2012/qca/337,https://jade.io/article/287225
589,[2008]HCA16,https://www.hcourt.gov.au/sites/default/files/eresources/2008/HCA/16.pdf,https://jade.io/mnc/2008/hca/16,https://jade.io/article/69412
642,[2017]QSC108,https://archive.sclqld.org.au/qjudgment/2017/QSC17-108.pdf,https://jade.io/mnc/2017/qsc/108,https://jade.io/article/532687
642,[2018]QCA227,https://archive.sclqld.org.au/qjudgment/2018/QCA18-227.pdf,https://jade.io/mnc/2018/qca/227,https://jade.io/article/612044
642,[2018]QCA365,https://archive.sclqld.org.au/qjudgment/2018/QCA18-365.pdf,https://jade.io/mnc/2018/qca/365,https://jade.io/article/634357
642,[2018]QCA365,https://archive.sclqld.org.au/qjudgment/2018/QCA18-365.pdf,https://jade.io/mnc/2018/qca/365,https://jade.io/article/634357
643,[2018]QCA125,https://archive.sclqld.org.au/qjudgment/2018/QCA18-125.pdf,https://jade.io/mnc/2018/qca/125,https://jade.io/article/592896
654,[2017]QSC108,https://archive.sclqld.org.au/qjudgment/2017/QSC17-108.pdf,https://jade.io/mnc/2017/qsc/108,https://jade.io/article/532687
654,[2018]QCA227,https://archive.sclqld.org.au/qjudgment/2018/QCA18-227.pdf,https://jade.io/mnc/2018/qca/227,https://jade.io/article/612044
654,[2018]QCA365,https://archive.sclqld.org.au/qjudgment/2018/QCA18-365.pdf,https://jade.io/mnc/2018/qca/365,https://jade.io/article/634357
654,[2018]QCA365,https://archive.sclqld.org.au/qjudgment/2018/QCA18-365.pdf,https://jade.io/mnc/2018/qca/365,https://jade.io/article/634357
655,[2018]QCA125,https://archive.sclqld.org.au/qjudgment/2018/QCA18-125.pdf,https://jade.io/mnc/2018/qca/125,https://jade.io/article/592896
672,[2008]QCA325,https://archive.sclqld.org.au/qjudgment/2008/QCA08-325.pdf,https://jade.io/mnc/2008/qca/325,https://jade.io/article/84747
693,[2013]QCA246,http://archive.sclqld.org.au/qjudgment/2013/QCA13-246.pdf,https://jade.io/mnc/2013/qca/246,https://jade.io/article/301127
694,[1996]QCA258,https://archive.sclqld.org.au/qjudgment/1996/QCA96-258.pdf,https://jade.io/mnc/1996/qca/258,https://jade.io/article/165603
694,[2009]QCA28,http://archive.sclqld.org.au/qjudgment/2009/QCA09-028.pdf,https://jade.io/mnc/2009/qca/28,https://jade.io/article/90001
694,[2013]QCA342,http://archive.sclqld.org.au/qjudgment/2013/QCA13-342.pdf,https://jade.io/mnc/2013/qca/342,https://jade.io/article/305637
697,[1996]QCA258,https://archive.sclqld.org.au/qjudgment/1996/QCA96-258.pdf,https://jade.io/mnc/1996/qca/258,https://jade.io/article/165603
706,[2021]QCA136,https://jvl.sclqld.org.au/caselaw/QCA/2021/136,https://jade.io/mnc/2021/qca/136,https://jade.io/article/820801
725,[2001]QCA387,https://archive.sclqld.org.au/qjudgment/2001/QCA01-387.pdf,https://jade.io/mnc/2001/qca/387,https://jade.io/article/167213
731,[2003]QCA356,http://archive.sclqld.org.au/qjudgment/2003/QCA03-356.pdf,https://jade.io/mnc/2003/qca/356,https://jade.io/article/168113
734,[2005]QCA103,http://archive.sclqld.org.au/qjudgment/2005/QCA05-103.pdf,https://jade.io/mnc/2005/qca/103,https://jade.io/article/168820
737,[2015]HCA38,https://eresources.hcourt.gov.au/showCase/2015/HCA/38,https://jade.io/mnc/2015/hca/38,https://jade.io/article/415683
737,[1985]HCA50,https://eresources.hcourt.gov.au/showbyHandle/1/11654,https://jade.io/mnc/1985/hca/50,https://jade.io/article/67216
737,[1995]HCA41,https://eresources.hcourt.gov.au/showbyHandle/1/9647,https://jade.io/mnc/1995/hca/41,https://jade.io/article/67910
740,[2016]NTSC25,https://supremecourt.nt.gov.au/__data/assets/pdf_file/0009/766161/NTSC-25-BLO1606-Mulhall-v-The-Queen-5-May.doc.pdf,https://jade.io/mnc/2016/ntsc/25,https://jade.io/article/498343
742,[2005]QCA369,http://archive.sclqld.org.au/qjudgment/2005/QCA05-369.pdf,https://jade.io/mnc/2005/qca/369,https://jade.io/article/169060
750,[1998]QCA393,http://archive.sclqld.org.au/qjudgment/1998/QCA98-393.pdf,https://jade.io/mnc/1998/qca/393,https://jade.io/article/166194
751,[1998]QCA393,http://archive.sclqld.org.au/qjudgment/1998/QCA98-393.pdf,https://jade.io/mnc/1998/qca/393,https://jade.io/article/166194
751,[1998]QCA393,http://archive.sclqld.org.au/qjudgment/1998/QCA98-393.pdf,https://jade.io/mnc/1998/qca/393,https://jade.io/article/166194
756,[2002]WASCA46,https://anzlaw.thomsonreuters.com/Document/I37d5c5a0899111e8aca5bab3c9b3f468/View/FullText.html?transitionType=Default&contextData=(sc.Default)&VR=3.0&RS=cblt1.0,https://jade.io/mnc/2002/wasca/46,https://jade.io/article/142452
756,[2006]QCA463,https://advance-lexis-com.ezproxy-az.sclqld.org.au/api/permalink/e07322c1-da01-48d3-a2d8-5474aafe1932/?context=1201008&identityprofileid=98NNDT55483,https://jade.io/mnc/2006/qca/463,https://jade.io/article/169523
756,[2009]QCA131,https://advance-lexis-com.ezproxy-az.sclqld.org.au/api/permalink/07e298e6-6b9e-4750-8bf6-f163a41e3d9e/?context=1201008&identityprofileid=98NNDT55483,https://jade.io/mnc/2009/qca/131,https://jade.io/article/94039
780,[2023]HCA16,https://www.hcourt.gov.au/sites/default/files/eresources/2023/HCA/16.pdf,https://jade.io/mnc/2023/hca/16,https://jade.io/article/1006654
780,[2023]HCA16,https://www.hcourt.gov.au/sites/default/files/eresources/2023/HCA/16.pdf,https://jade.io/mnc/2023/hca/16,https://jade.io/article/1006654
780,[2023]HCA16,https://www.hcourt.gov.au/sites/default/files/eresources/2023/HCA/16.pdf,https://jade.io/mnc/2023/hca/16,https://jade.io/article/1006654
786,[1978]HCA9,https://www.austlii.edu.au/cgi-bin/viewdoc/au/cases/cth/HCA/1978/9.html,https://jade.io/mnc/1978/hca/9,https://jade.io/article/66772
786,[2003]QCA431,http://archive.sclqld.org.au/qjudgment/2003/QCA03-431.pdf,https://jade.io/mnc/2003/qca/431,https://jade.io/article/168154
786,[2003]QCA246,http://archive.sclqld.org.au/qjudgment/2003/QCA03-246.pdf,https://jade.io/mnc/2003/qca/246,https://jade.io/article/168066
786,[2003]QCA246,http://archive.sclqld.org.au/qjudgment/2003/QCA03-246.pdf,https://jade.io/mnc/2003/qca/246,https://jade.io/article/168066
786,[2009]QCA028,http://archive.sclqld.org.au/qjudgment/2009/QCA09-028.pdf,https://jade.io/mnc/2009/qca/028,https://jade.io/article/90001
789,[2002]HCA25,https://www.hcourt.gov.au/sites/default/files/eresources/2002/HCA/25.pdf,https://jade.io/mnc/2002/hca/25,https://jade.io/article/68334
790,[2007]QCA219,http://archive.sclqld.org.au/qjudgment/2007/QCA07-219.pdf,https://jade.io/mnc/2007/qca/219,https://jade.io/article/14812
790,[2002]HCA26,https://www.hcourt.gov.au/sites/default/files/eresources/2002/HCA/26.pdf,https://jade.io/mnc/2002/hca/26,https://jade.io/article/68335
790,[2002]HCA26,https://www.hcourt.gov.au/sites/default/files/eresources/2002/HCA/26.pdf,https://jade.io/mnc/2002/hca/26,https://jade.io/article/68335
797,[1998]HCA7,https://www.hcourt.gov.au/sites/default/files/eresources/2025-10-16/HCA/Peters%20v%20R%20%28M6-97%29%20%5B1998%5D%20HCA%207.pdf,https://jade.io/mnc/1998/hca/7,https://jade.io/article/68095
797,[2007]QCA150,http://archive.sclqld.org.au/qjudgment/2007/QCA07-150.pdf,https://jade.io/mnc/2007/qca/150,https://jade.io/article/57029
799,[2008]QCA28,http://archive.sclqld.org.au/qjudgment/2008/QCA08-028.pdf,https://jade.io/mnc/2008/qca/28,https://jade.io/article/60026
799,[2005]HCA65,https://www.hcourt.gov.au/sites/default/files/eresources/2005/HCA/65.pdf,https://jade.io/mnc/2005/hca/65,https://jade.io/article/340
800,[2010]QCA117,http://archive.sclqld.org.au/qjudgment/2010/QCA10-117.pdf,https://jade.io/mnc/2010/qca/117,https://jade.io/article/148011
800,[2005]QCA138,http://archive.sclqld.org.au/qjudgment/2005/QCA05-138.pdf,https://jade.io/mnc/2005/qca/138,https://jade.io/article/168851
800,[2006]QCA162,http://archive.sclqld.org.au/qjudgment/2006/QCA06-162.pdf,https://jade.io/mnc/2006/qca/162,https://jade.io/article/169290
800,[2005]QCA138,http://archive.sclqld.org.au/qjudgment/2005/QCA05-138.pdf,https://jade.io/mnc/2005/qca/138,https://jade.io/article/168851
800,[2006]QCA162,http://archive.sclqld.org.au/qjudgment/2006/QCA06-162.pdf,https://jade.io/mnc/2006/qca/162,https://jade.io/article/169290
800,[2011]QCA339,http://archive.sclqld.org.au/qjudgment/2011/QCA11-339.pdf,https://jade.io/mnc/2011/qca/339,https://jade.io/article/258302
800,[2018]HCA8,https://www.hcourt.gov.au/sites/default/files/eresources/2018/HCA/8.pdf,https://jade.io/mnc/2018/hca/8,https://jade.io/article/574290
800,[2002]HCA26,https://www.hcourt.gov.au/sites/default/files/eresources/2002/HCA/26.pdf,https://jade.io/mnc/2002/hca/26,https://jade.io/article/68335
800,[2005]HCA65,https://www.hcourt.gov.au/sites/default/files/eresources/2005/HCA/65.pdf,https://jade.io/mnc/2005/hca/65,https://jade.io/article/340
805,[2018]QCA258,https://archive.sclqld.org.au/qjudgment/2018/QCA18-258.pdf,https://jade.io/mnc/2018/qca/258,https://jade.io/article/614197
805,[2010]QCA194,https://archive.sclqld.org.au/qjudgment/2010/QCA10-194.pdf,https://jade.io/mnc/2010/qca/194,https://jade.io/article/196759
805,[2011]QCA123,http://archive.sclqld.org.au/qjudgment/2011/QCA11-123.pdf,https://jade.io/mnc/2011/qca/123,https://jade.io/article/227648
805,[1998]QCA119,https://archive.sclqld.org.au/qjudgment/1998/QCA98-119.pdf,https://jade.io/mnc/1998/qca/119,https://jade.io/article/166085
805,[2010]QCA194,http://archive.sclqld.org.au/qjudgment/2010/QCA10-194.pdf,https://jade.io/mnc/2010/qca/194,https://jade.io/article/196759
808,[2019]QCA299,https://archive.sclqld.org.au/qjudgment/2019/QCA19-299.pdf,https://jade.io/mnc/2019/qca/299,https://jade.io/article/695284
808,[2020]QCA199,https://archive.sclqld.org.au/qjudgment/2020/QCA20-199.pdf,https://jade.io/mnc/2020/qca/199,https://jade.io/article/765112
809,[2011]QCA123,http://archive.sclqld.org.au/qjudgment/2011/QCA11-123.pdf,https://jade.io/mnc/2011/qca/123,https://jade.io/article/227648
810,[1998]QCA119,https://archive.sclqld.org.au/qjudgment/1998/QCA98-119.pdf,https://jade.io/mnc/1998/qca/119,https://jade.io/article/166085
815,[2005]QCA306,http://www8.austlii.edu.au/cgi-bin/viewdoc/au/cases/qld/QCA/2005/306.html?query=,https://jade.io/mnc/2005/qca/306,https://jade.io/article/169004
815,[2024]QCA198,https://plus.lexis.com/apac/document/documentlink/?pdmfid=1539278&crid=203fbd3a-aea5-4339-94ff-d09a86eb021e&pddocfullpath=%2Fshared%2Fdocument%2Fcases-au%2Furn:contentItem:6D8B-JTD3-MB3C-T278-00000-00&pdcontentcomponentid=267708&pdproductcontenttypeid=urn:pct:170&pdiskwicview=false&pdpinpoint=&prid=b4c3838a-5650-4e9a-802c-275c5c2ad1de&ecomp=7g_ck,https://jade.io/mnc/2024/qca/198,https://jade.io/article/1104840
816,[1998]QCA119,https://archive.sclqld.org.au/qjudgment/1998/QCA98-119.pdf,https://jade.io/mnc/1998/qca/119,https://jade.io/article/166085
826,[2009]HCA53,https://www.hcourt.gov.au/sites/default/files/eresources/2009/HCA/53.pdf,https://jade.io/mnc/2009/hca/53,https://jade.io/article/121793
826,[2017]HCA17,https://www.hcourt.gov.au/sites/default/files/eresources/2017/HCA/17.pdf,https://jade.io/mnc/2017/hca/17,https://jade.io/article/528728
830,[2009]HCA53,https://www.hcourt.gov.au/sites/default/files/eresources/2009/HCA/53.pdf,https://jade.io/mnc/2009/hca/53,https://jade.io/article/121793
830,[2017]HCA17,https://www.hcourt.gov.au/sites/default/files/eresources/2017/HCA/17.pdf,https://jade.io/mnc/2017/hca/17,https://jade.io/article/528728
835,[2013]QCA361,https://archive.sclqld.org.au/qjudgment/2013/QCA13-361.pdf,https://jade.io/mnc/2013/qca/361,https://jade.io/article/307132
836,[2009]QCA375,http://archive.sclqld.org.au/qjudgment/2009/QCA09-375.pdf,https://jade.io/mnc/2009/qca/375,https://jade.io/article/121235
844,[2024]QCA165,https://archive.sclqld.org.au/qjudgment/2024/QCA24-165.pdf,https://jade.io/mnc/2024/qca/165,https://jade.io/article/1089387
844,[2024]QCA165,https://archive.sclqld.org.au/qjudgment/2024/QCA24-165.pdf,https://jade.io/mnc/2024/qca/165,https://jade.io/article/1089387
844,[2024]QCA165,https://archive.sclqld.org.au/qjudgment/2024/QCA24-165.pdf,https://jade.io/mnc/2024/qca/165,https://jade.io/article/1089387
844,[2024]QCA165,https://archive.sclqld.org.au/qjudgment/2024/QCA24-165.pdf,https://jade.io/mnc/2024/qca/165,https://jade.io/article/1089387
850,[2024]QCA165,https://archive.sclqld.org.au/qjudgment/2024/QCA24-165.pdf,https://jade.io/mnc/2024/qca/165,https://jade.io/article/1089387
856,[2009]QCA309,http://archive.sclqld.org.au/qjudgment/2009/QCA09-309.pdf,https://jade.io/mnc/2009/qca/309,https://jade.io/article/118680
857,[2002]QCA360,http://archive.sclqld.org.au/qjudgment/2002/QCA02-360.pdf,https://jade.io/mnc/2002/qca/360,https://jade.io/article/167705
895,[2024]QCA19,https://anzlaw.thomsonreuters.com/Document/Ic8d28070cf8611eea4f4c0c40afe197b/View/FullText.html?transitionType=UniqueDocItem&contextData=(sc.Default)&userEnteredCitation=R+v+Tracy+%5b2024%5d+QCA+19&comp=wlau,https://jade.io/mnc/2024/qca/19,https://jade.io/article/1063291
918,[2014]QCA104,http://archive.sclqld.org.au/qjudgment/2014/QCA14-104.pdf,https://jade.io/mnc/2014/qca/104,https://jade.io/article/331753
922,[2024]QCA194,https://anzlaw.thomsonreuters.com/Document/Icc9597108cf011efaf09a53406c15bac/View/FullText.html?transitionType=Default&contextData=(sc.Default)&VR=3.0&RS=cblt1.0,https://jade.io/mnc/2024/qca/194,https://jade.io/article/1095366
930,[2012]QCA244,http://archive.sclqld.org.au/qjudgment/2012/QCA12-244.pdf,https://jade.io/mnc/2012/qca/244,https://jade.io/article/272332
930,[2012]QCA248,http://archive.sclqld.org.au/qjudgment/2012/QCA12-248.pdf,https://jade.io/mnc/2012/qca/248,https://jade.io/article/272465
930,[2012]QCA244,http://archive.sclqld.org.au/qjudgment/2012/QCA12-244.pdf,https://jade.io/mnc/2012/qca/244,https://jade.io/article/272332
930,[2012]QCA244,http://archive.sclqld.org.au/qjudgment/2012/QCA12-244.pdf,https://jade.io/mnc/2012/qca/244,https://jade.io/article/272332
930,[2012]QCA248,http://archive.sclqld.org.au/qjudgment/2012/QCA12-248.pdf,https://jade.io/mnc/2012/qca/248,https://jade.io/article/272465
